"","sr_band1","sr_band2","sr_band3","sr_band4","sr_band5","sr_band7","ndvi","evi","savi","sr","ndsvi","greenness","brightness","wetness","total_shrubs","elevation","slope","folded_aspect","tpi","tri","roughness","flowdir","satvi"
"1",695,926,1192,1699,2822,2660,0.175371843652715,0.348262123918121,0.26301227736469,1.4253355704698,0.406078724464375,-688.0066,3333.8221,-2983.5146,0.67,1811,11.0434436798096,118.886596679688,0.375,4.625,13,16,0.609042221945448
"2",769,1093,1494,1941,2521,2221,0.130131004366812,0.217475917096429,0.195168097802358,1.29919678714859,0.255790784557908,-618.2098,3574.1109,-2418.321,2,1377,0.954841256141663,135,-0.875,0.875,2,4,0.383638401195368
"3",636,909,1290,1909,3148,3059,0.193497968115036,0.317110655737705,0.290201593999062,1.47984496124031,0.418657052726453,-673.4412,3628.809,-3443.4835,1.33,2021,12.2994165420532,90,-1.75,5,18,1,0.627914836093275
"4",1182,1588,2054,2732,3486,3228,0.141663184287505,0.273740310077519,0.2124725791288,1.3300876338851,0.258483754512635,-924.0644,5068.745,-3378.9122,0,1567,4.38048696517944,157.380142211914,-0.875,1.875,6,8,0.387690641638841
"5",815,1129,1523,2021,2642,2409,0.140519187358916,0.24665676077266,0.210749047820567,1.32698621142482,0.268667466986795,-656.2072,3729.5057,-2584.2057,37.34,1761,1.21711814403534,123.690063476562,-0.25,0.5,2,32,0.402952826791502
"6",1595,2056,2357,2798,3679,3446,0.0855480116391853,0.221452244652004,0.128309572301426,1.18710224862113,0.219019218025182,-1382.1066,5644.8833,-3402.5703,18,1256,3.05436992645264,173.659805297852,0.75,1.25,5,8,0.328501615174356
"7",781,1028,1336,1769,2566,2244,0.139452495974235,0.275550464553901,0.209145065206891,1.32410179640719,0.315222962583291,-654.155,3385.0255,-2501.7232,30.67,1350,6.9262490272522,140.906127929688,-0.125,2.875,8,16,0.472773862908392
"8",890,1178,1524,1938,2691,2218,0.119584055459272,0.234800362976407,0.179350180505415,1.27165354330709,0.276868327402135,-707.879,3698.9664,-2493.8433,6,1342,5.43800783157349,68.1985931396484,0.25,2.25,8,1,0.415253232119559
"9",650,875,1164,1635,2378,2183,0.168274383708467,0.314419225634179,0.252366494016789,1.40463917525773,0.34274421230943,-550.514,3064.3992,-2417.3067,0,1651,2.13429999351501,18.4349479675293,-0.375,0.875,3,64,0.514043754410727
"10",899,1254,1703,2181,2863,2328,0.123069001029866,0.211224038886434,0.184579739992277,1.28068115091016,0.254051686377573,-683.194,4028.3891,-2633.1789,10.67,1476,10.555380821228,161.565048217773,0.875,4.375,15,8,0.381035804226432
"11",560,774,1069,1541,2089,1998,0.180842911877395,0.314164004259851,0.271212411415438,1.44153414405987,0.32298923369221,-451.1732,2794.0732,-2157.3721,0,1694,3.10963296890259,12.52880859375,-0.25,1.25,4,128,0.484407155295235
"12",1018,1332,1710,2050,2615,2424,0.0904255319148936,0.181779298545766,0.135620263262864,1.19883040935673,0.209248554913295,-864.321,3971.8536,-2455.7007,22,1539,5.05115270614624,90,-0.125,1.875,7,32,0.313836550687782
"13",1151,1556,1991,2343,2868,2538,0.0812182741116751,0.155545735749006,0.121813357942092,1.1767955801105,0.180489812718666,-948.2062,4498.0241,-2582.012,28.67,1403,12.9424085617065,157.380142211914,-4,6,21,16,0.270706862845972
"14",973,1240,1641,2125,3045,2632,0.128518321826872,0.258851214033586,0.192751891676623,1.29494210847044,0.299615877080666,-798.0968,4076.0889,-2928.8017,18,1731,0.954841256141663,135,-0.625,0.875,3,8,0.449375866851595
"15",798,1090,1360,1858,2868,2470,0.154754505904288,0.308626673277144,0.232095696753146,1.36617647058824,0.356669820245979,-697.496,3592.1794,-2828.0886,9.34,1746,0.337614715099335,90,-0.125,0.125,1,64,0.534941468605889
"16",788,1021,1328,2030,2581,1976,0.209053007742704,0.429200293470286,0.31353282715498,1.52861445783133,0.320542338193911,-398.4366,3524.0834,-2352.048,42.66,2167,10.6835079193115,141.340194702148,-0.25,4.5,12,4,0.480752014324082
"17",1025,1302,1622,2039,2987,2701,0.113903305107894,0.255233198677929,0.17083162638263,1.25709001233046,0.296159687567802,-905.453,4049.6609,-2902.2023,71.33,1529,5.4792685508728,132.510437011719,0.625,2.125,6,16,0.444191343963554
"18",1017,1314,1543,1763,2224,1849,0.0665456745311555,0.162026808071881,0.0998034175109633,1.14257939079715,0.180780461906026,-820.7592,3518.0743,-1886.0046,18,1681,15.609525680542,62.3540267944336,2.25,6.5,24,2,0.271134704711347
"19",1116,1504,1870,2429,3291,2869,0.130030239590602,0.26467803030303,0.195022677055472,1.29893048128342,0.275334237550862,-900.3278,4627.1008,-3108.9487,79.33,1951,1.96786379814148,149.036239624023,0.625,0.875,3,4,0.412961348445219
"20",1080,1474,1897,2411,3527,3083,0.119312906220984,0.225676150333685,0.178948589996519,1.27095413811281,0.300516224188791,-964.4906,4688.4712,-3418.8535,0,1703,1.06752026081085,71.5650482177734,0.5,0.5,1,4,0.450732786431929
"21",995,1264,1599,1978,3220,2836,0.105954710651384,0.23050723756234,0.158909853249476,1.23702313946216,0.336376841668396,-955.1112,4047.2223,-3174.8412,0,1419,1.35022449493408,90,0,0.5,2,4,0.504512916277622
"22",1219,1563,2035,2467,3130,2809,0.0959573522878721,0.195104326619095,0.143920044419767,1.21228501228501,0.212003872216844,-984.7076,4731.7201,-2896.3423,38.66,1962,1.6876049041748,36.8698978424072,0.125,0.625,2,64,0.317975026618914
"23",1099,1368,1784,2339,3245,2818,0.13461072034926,0.288972196188691,0.201891596944343,1.31109865470852,0.290515012925035,-855.4308,4452.1043,-3093.8259,5.33,1832,6.80408954620361,147.094757080078,0.375,2.625,8,16,0.435729197733373
"24",778,991,1308,1889,3020,2363,0.181732874569909,0.372149628490904,0.272556684910086,1.44418960244648,0.395563770794824,-585.974,3564.6984,-2915.6273,15.33,1420,0.477453768253326,135,-0.5,0.5,1,64,0.593277116784105
"25",833,1106,1438,1962,3020,2501,0.154117647058824,0.301600092091631,0.231142479047199,1.3643949930459,0.354867653656348,-689.7922,3753.5905,-2934.0904,29.33,1421,3.63139343261719,158.198593139648,-1.625,1.625,5,16,0.532241785353819
"26",863,1219,1535,2201,3405,2793,0.178265524625268,0.337078651685393,0.267362505018065,1.43387622149837,0.378542510121458,-703.6902,4148.1275,-3328.4046,2.67,1439,0,45,0,0,0,64,0.567756299969639
"27",684,880,1202,1771,2700,2177,0.191389169189371,0.36909704203425,0.287035480073987,1.47337770382696,0.383905689390056,-492.4452,3260.717,-2637.2884,0.67,1409,0,45,0,0,0,32,0.575784753363229
"28",862,1078,1381,1879,3171,2622,0.152760736196319,0.336395568765199,0.229105965342739,1.36060825488776,0.39323374340949,-756.8924,3726.5554,-3123.5855,3.33,1414,0.954841256141663,135,0.375,0.375,1,16,0.589785831960461
"29",752,947,1183,1738,2804,2245,0.190003423485108,0.434000625586487,0.284956358035256,1.46914623837701,0.406571356909957,-573.6614,3315.766,-2724.9911,33.33,1538,1.06752026081085,161.565048217773,0.125,0.375,2,16,0.609780564263323
"30",770,942,1155,1816,2780,2256,0.222484012117132,0.556022880215343,0.333669863705199,1.57229437229437,0.412960609911055,-513.1292,3359.8626,-2706.428,31.33,1561,4.53271436691284,131.987213134766,1.875,2.375,6,8,0.619362215728624
"31",691,885,1205,1738,2705,2317,0.181107713217805,0.351908094546415,0.271615423815186,1.44232365145228,0.383631713554987,-557.8536,3266.8661,-2715.5132,7.33,1506,1.01777750994864e-13,45,0,0,0,128,0.575373993095512
"32",1716,2271,2804,3254,3983,3457,0.0742819412347309,0.15605493133583,0.111413716266403,1.160485021398,0.173714454103433,-1395.0184,6336.7778,-3491.3068,14.67,1465,1.06752026081085,18.4349479675293,-0.125,0.375,2,128,0.260552486187845
"33",1586,2088,2700,3033,3992,3515,0.0580847723704867,0.113435072898215,0.0871195604778931,1.12333333333333,0.193066347878063,-1408.7292,6034.5612,-3626.8696,31.34,1584,1.01777750994864e-13,135,0,0,0,64,0.28957788569294
"34",1536,2084,2645,3235,4181,3809,0.100340136054422,0.194437121012391,0.150497406683105,1.22306238185255,0.225021974802227,-1306.7162,6224.5364,-3935.2931,1.34,1548,1.06752026081085,18.4349479675293,-0.5,0.5,1,128,0.337508239947264
"35",703,959,1322,1706,2009,1766,0.126816380449141,0.219855719683957,0.190193164933135,1.29046898638427,0.206244371059742,-501.9322,3076.8725,-1859.9264,3.33,1514,3.05436992645264,173.659805297852,-1,1.25,5,8,0.309320126069338
"36",519,768,937,1466,1992,1593,0.220141489804411,0.413733771312373,0.330143540669856,1.56456776947705,0.360191191532946,-318.5798,2586.4999,-1894.3512,82.67,1741,11.3338165283203,91.6846923828125,0.25,4.25,17,32,0.540194572452637
"37",545,863,1188,1529,1846,1633,0.125506072874494,0.186522262334537,0.188224471021159,1.28703703703704,0.216875411997363,-438.3988,2748.3771,-1749.9773,21.34,1504,3.03572368621826,180,0.125,1.125,5,8,0.325259515570934
"38",654,898,1156,1634,2354,1964,0.171326164874552,0.325968357883252,0.256943200143343,1.41349480968858,0.341310541310541,-498.8768,3030.7006,-2275.8316,21.47,1411,2.63502645492554,39.8055725097656,-0.25,1,3,1,0.51189289275032
"39",787,1037,1329,1888,2572,2132,0.173764376748523,0.352859487438455,0.260606060606061,1.42061700526712,0.318636247116124,-543.9556,3454.3959,-2435.2943,1.33,1591,23.1105079650879,35.4457101821899,2.625,10.375,36,128,0.477893118031526
"40",821,1066,1516,2144,3086,2857,0.171584699453552,0.308842333038261,0.257341893183991,1.41424802110818,0.341156019122121,-675.5842,3962.5669,-3168.8078,10.66,1926,17.7753162384033,36.0273742675781,5.375,8.625,25,128,0.511678435632808
"41",898,1271,1722,2424,3566,3059,0.16931982633864,0.29143141813351,0.253949113710358,1.40766550522648,0.348714069591528,-737.5326,4488.8502,-3542.2831,0,1458,5.52021265029907,127.568588256836,1.375,2.625,8,2,0.523021650751631
"42",1321,1783,2225,2850,3569,3265,0.123152709359606,0.248272026694208,0.184710865924539,1.28089887640449,0.231964100793925,-1047.1024,5369.5331,-3360.3422,0,1567,4.38048696517944,157.380142211914,-0.875,1.875,6,8,0.347916127362154
"43",817,1092,1449,2039,2891,2659,0.169151376146789,0.320199717790079,0.25369069800774,1.4071773636991,0.332258064516129,-669.2858,3795.9921,-2921.9359,1.33,1838,9.37478256225586,124.824493408203,-3.75,5,16,2,0.498329685520101
"44",948,1216,1591,1999,2754,2517,0.113649025069638,0.229936880072137,0.170449798078262,1.25644248900063,0.267663981588032,-808.9356,3865.4854,-2669.4348,0,1641,9.39236068725586,85.9143981933594,2.125,4.125,15,32,0.401449775629962
"45",820,1118,1383,2068,3100,2449,0.1984931903796,0.406094379890918,0.297696653628857,1.49530007230658,0.383002453714031,-579.0602,3816.084,-2966.0888,74,2050,23.2185859680176,69.0755004882812,-3.5,10,34,1,0.574439611910338
"46",894,1178,1346,1549,1773,1464,0.0701208981001727,0.173741869222869,0.105163184251425,1.15081723625557,0.136902853478679,-678.5796,3029.729,-1428.1967,25.33,1796,20.4064712524414,150.592803955078,-0.875,9.125,26,8,0.205321365603462
"47",994,1314,1599,2099,3271,2601,0.135208220659816,0.294880868129276,0.202784912802488,1.31269543464665,0.343326488706366,-827.6374,4125.1674,-3068.7511,40.66,1517,11.9991388320923,46.1233062744141,4,6.25,19,128,0.514936864798275
"48",1006,1408,1866,2329,2998,2695,0.110369487485101,0.193529510115365,0.165534501251341,1.2481243301179,0.232730263157895,-844.5064,4383.8268,-2848.0378,58,1931,6.9262490272522,67.1663436889648,0.75,2.75,10,2,0.349059512796793
"49",639,880,1083,1635,2575,2120,0.203090507726269,0.412988178961544,0.30457973146956,1.50969529085873,0.40787315472936,-499.9024,3065.8251,-2542.9723,56.66,1414,1.01275038719177,180,0.375,0.375,1,16,0.611726117261173
"50",719,1017,1353,2079,2866,2514,0.211538461538462,0.377692227655811,0.317261471230881,1.53658536585366,0.358615785731216,-499.593,3692.8329,-2872.7953,8.67,1506,0.337614715099335,180,-0.125,0.125,1,8,0.537859936011376
"51",755,1012,1205,1772,2543,2089,0.190460194827007,0.424337674000898,0.285642317380353,1.47053941908714,0.356990394877268,-536.6952,3290.3633,-2422.8495,64.67,1385,2.13429999351501,161.565048217773,-0.125,0.875,3,16,0.535414165666267
"52",751,1063,1277,1841,2707,2320,0.180885182809493,0.364199922510655,0.271284271284271,1.44166014095536,0.358935742971888,-602.8916,3459.7283,-2651.3656,40,1364,1.01275038719177,180,0.375,0.375,1,16,0.538336052202284
"53",610,834,1039,1569,2349,2055,0.203220858895706,0.410343759677919,0.304772857964347,1.51010587102984,0.386658795749705,-477.2674,2912.0362,-2361.4029,32,1659,6.72136926651001,143.130096435547,-0.75,2.75,8,4,0.579902611775122
"54",679,929,1240,1846,2953,2388,0.196370706416073,0.361187269042794,0.294508342783088,1.48870967741935,0.408538039589793,-534.8222,3436.9909,-2926.3722,3.33,1565,1.72100615501404,168.690063476562,0.5,0.75,3,8,0.612733993084536
"55",608,887,1039,1738,2478,2121,0.251710478934102,0.512012891883973,0.377497749774978,1.67276227141482,0.40915553028149,-398.1362,3090.124,-2473.4693,47.33,1633,0.337614715099335,0,-1.125,1.125,2,128,0.6136460554371
"56",669,936,1208,1843,2804,2387,0.208128482464766,0.389618358080746,0.31214156971981,1.52566225165563,0.397806580259222,-517.6008,3387.4067,-2816.4486,9.33,1525,1.21711814403534,33.690071105957,0.25,0.5,2,1,0.596635514018692
"57",617,881,1060,1708,2614,2160,0.234104046242775,0.47072497457504,0.35109264944916,1.61132075471698,0.422972237343495,-443.0332,3115.5601,-2597.1815,37.34,1464,0.337614715099335,0,0.125,0.125,1,128,0.634372023404545
"58",574,776,988,1707,2417,1961,0.266790352504638,0.539627739417592,0.400111296605454,1.72773279352227,0.419676945668135,-302.231,2952.9418,-2380.1741,31.33,1561,4.53271436691284,131.987213134766,1.875,2.375,6,8,0.62942299221847
"59",857,1190,1548,2204,3251,2626,0.174840085287846,0.323758760240845,0.262225183211193,1.42377260981912,0.354865596999375,-647.5914,4079.7795,-3127.3223,32,2006,9.1369457244873,28.442928314209,0,4,12,1,0.532242941973122
"60",1054,1417,1794,2350,3495,2908,0.134169884169884,0.26679462571977,0.201230546507419,1.30992196209588,0.32161089052751,-884.3618,4538.6232,-3332.7214,10.66,1686,5.22670364379883,14.9314155578613,1.625,2.875,8,2,0.482370734473958
"61",1133,1531,1869,2493,3726,3145,0.143053645116919,0.299395451492179,0.214555873925501,1.3338683788122,0.331903485254692,-953.6584,4831.5615,-3575.1683,2,1712,8.05635929107666,2.38594436645508,1.125,3.375,14,1,0.497810740773836
"62",1315,1714,2140,2630,3467,2955,0.10272536687631,0.2184184719622,0.154071900220103,1.22897196261682,0.236668450151596,-1051.17,5080.7605,-3154.1499,63.34,1593,0.754894495010376,153.434951782227,-0.25,0.25,1,16,0.354971020954079
"63",2177,3027,3754,4240,4848,4339,0.0607955966975231,0.116407185628743,0.0911876915379323,1.12946190729888,0.127179725645199,-1815.9746,8197.4569,-4190.8671,13.33,1526,5.08888754974322e-14,135,0,0,0,16,0.19075850043592
"64",1335,1704,2089,2458,3469,2927,0.0811524081812184,0.185222367232206,0.121715228147334,1.17663954044998,0.24829075206909,-1143.578,4940.1733,-3153.4841,35.33,1343,5.05115270614624,143.130096435547,-1.125,2.375,8,4,0.372402626607898
"65",1529,2149,2783,3303,4616,4104,0.0854419980282616,0.152322924600152,0.128152468578001,1.18684872439813,0.247736180564941,-1431.0274,6495.6287,-4396.7827,0.67,1547,0.954841256141663,45,0.375,0.375,1,64,0.371579160754105
"66",705,935,1395,2472,2710,1917,0.278510473235066,0.484654846548465,0.417711700064641,1.77204301075269,0.320341047503045,-50.4357999999999,3814.4949,-2423.6819,1.33,2021,12.2994165420532,90,-1.75,5,18,1,0.480453050785532
"67",453,673,695,2370,1749,1133,0.546492659053834,1.33211388579609,0.819605284619149,3.41007194244604,0.43126022913257,604.0008,2931.5471,-1461.8964,0,2556,5.09561967849731,97.5946350097656,0.5,2,8,32,0.646758028226631
"68",776,1057,1414,1819,2303,1873,0.125270646458398,0.225802854594112,0.187876913561157,1.28642149929279,0.239171374764595,-559.5298,3340.7116,-2085.787,0.67,1428,3.63139343261719,158.198593139648,0.375,1.375,5,4,0.358708809683927
"69",891,1197,1635,2401,2964,2504,0.189791873141724,0.346324260783073,0.284652545522111,1.46850152905199,0.28897586431833,-524.8174,4180.7829,-2811.2299,0.67,1926,17.7753162384033,36.0273742675781,5.375,8.625,25,128,0.433416675725622
"70",785,1166,1656,2264,3135,2700,0.155102040816327,0.240753939969906,0.232623389873741,1.36714975845411,0.308703819661866,-639.0726,4113.8595,-3088.8059,0,1500,9.19103336334229,169.508529663086,-3.125,5.375,14,4,0.463007408953355
"71",800,1083,1437,1852,2003,1785,0.126178169656431,0.231843575418994,0.189238486092111,1.28879610299235,0.16453488372093,-533.8568,3308.9274,-1793.339,0,1682,24.8515167236328,143.275894165039,2.5,11,35,4,0.24676645836361
"72",640,911,1203,1923,2323,1785,0.230326295585413,0.414555504375864,0.345434191588038,1.59850374064838,0.317640385706183,-271.071,3214.89,-2133.319,0,1882,22.2431182861328,143.790557861328,1.375,10.125,30,16,0.476393024245002
"73",1134,1533,2088,2639,3198,2764,0.116564417177914,0.206738706288459,0.174828133262824,1.26388888888889,0.209988649262202,-839.7938,4838.4048,-2936.5265,0,1427,8.6913013458252,117.552810668945,1.75,3.75,12,4,0.314953182635014
"74",1031,1418,1770,2217,2626,2442,0.112114371708051,0.218881598276369,0.168150470219436,1.25254237288136,0.194722474977252,-815.1506,4155.7857,-2435.4534,34.66,1774,1.6876049041748,90,0.625,0.875,3,2,0.292050494711703
"75",873,1097,1448,1861,2655,2295,0.124811121184648,0.257963772642099,0.187188397038828,1.28522099447514,0.294174993906897,-711.8802,3581.4905,-2541.7616,56,1769,2.13429999351501,161.565048217773,-0.375,0.875,3,4,0.441208724259778
"76",1056,1369,1863,2418,3539,2897,0.129642606867554,0.244407257354236,0.194441200513839,1.29790660225443,0.310255460940392,-850.2588,4602.879,-3359.2636,0,1538,6.20105361938477,77.47119140625,-2,3,10,2,0.465340120314669
"77",638,833,1060,1684,2157,1765,0.227405247813411,0.478527607361963,0.341045727819275,1.58867924528302,0.34100093254585,-334.8184,2919.742,-2042.0468,40.67,1874,4.05866432189941,48.366455078125,-0.125,1.625,5,64,0.511421911421911
"78",954,1258,1728,2164,2576,2234,0.112024665981501,0.202677575306805,0.168015414258189,1.25231481481481,0.197026022304833,-694.5684,3966.8706,-2347.0802,26,1591,2.90182161331177,144.462326049805,-1.5,2,6,2,0.295504704379138
"79",803,1035,1369,1853,2668,2177,0.150217256362508,0.299097762946484,0.225290923196276,1.35354273192111,0.321773594253158,-605.3604,3479.6617,-2527.5973,8,1414,2.05277514457703,170.537673950195,-0.5,0.75,3,8,0.482600619195046
"80",929,1196,1563,2023,2280,1914,0.128276631344116,0.259330251437592,0.192388122124634,1.29430582213692,0.186572989851678,-595.959,3651.9675,-1993.2136,0,1613,4.53271436691284,41.9872131347656,1.25,2,6,1,0.279823077923767
"81",770,933,1250,1681,2132,1783,0.14704878880928,0.316260639859114,0.220535561998977,1.3448,0.260792430514488,-507.182,3075.7112,-1959.2023,18.67,1714,2.56950283050537,156.801406860352,1.625,1.625,4,8,0.391130820399113
"82",1026,1386,1737,2098,2651,2335,0.0941329856584094,0.187007874015748,0.141181071568244,1.20782959124928,0.208295350957156,-842.4624,4034.154,-2415.9007,26,1489,11.7957096099854,106.389541625977,-0.5,5,16,2,0.312407428506323
"83",775,1071,1568,2201,2693,2203,0.167949058105598,0.272962483829237,0.251890171110227,1.40369897959184,0.264022529922553,-464.4462,3813.9611,-2519.0676,0,1651,2.13429999351501,18.4349479675293,-0.375,0.875,3,64,0.395987328405491
"84",748,934,1202,1613,2409,2002,0.146003552397869,0.319496268656716,0.218966435801811,1.34193011647255,0.334256438659651,-589.98,3100.4408,-2302.9915,16.67,1611,3.4389123916626,11.3099327087402,0.5,1.5,5,1,0.501315242973834
"85",873,1178,1519,2267,3033,2527,0.19756999471738,0.386803185437998,0.296315858972666,1.49242922975642,0.332601054481547,-560.2782,4047.6397,-2904.5891,38.66,1803,7.37130689620972,30.0685806274414,1.5,3.25,11,128,0.498846787479407
"86",1187,1595,1927,2267,2735,2551,0.0810681926561755,0.172501268391679,0.121587793539158,1.17644006227296,0.173316173316173,-998.0498,4420.0783,-2480.6592,29.34,1445,1.06752026081085,18.4349479675293,0.5,0.5,1,64,0.259946380697051
"87",776,886,1133,1549,2159,1745,0.155108128262491,0.411392405063291,0.232618825722274,1.36716681376876,0.311664641555286,-521.837,2921.6588,-1987.3067,35.34,1597,9.70292663574219,88.0250549316406,-0.5,3.75,15,32,0.467425968109339
"88",879,1161,1454,1805,2517,2247,0.107701749002762,0.222857142857143,0.161527841693511,1.2414030261348,0.267690757995467,-762.3478,3533.1731,-2398.459,26,1448,5.73025560379028,93.366455078125,0.375,2.375,8,16,0.40148558479164
"89",957,1286,1594,2007,2601,2267,0.114690363787837,0.234952781886449,0.17201166180758,1.25909661229611,0.240047675804529,-763.0946,3828.3625,-2399.8581,14.67,1477,13.2025480270386,11.5921745300293,0.125,5.375,19,128,0.36002860207365
"90",1127,1513,2098,2795,3888,3155,0.14244839566728,0.251388588328645,0.213650761213855,1.33222116301239,0.299031072502506,-845.7824,5160.6793,-3668.5589,4.67,1408,0.337614715099335,90,0.125,0.125,1,32,0.44850914557755
"91",1127,1565,1952,2549,3473,3106,0.13263719173517,0.256906790601601,0.19893368877041,1.30584016393443,0.28036866359447,-946.1272,4850.2823,-3344.0782,0,1687,2.36199140548706,90,-0.125,0.875,3,16,0.420514238319049
"92",877,1153,1529,2104,2749,2092,0.158271401045968,0.305753482930979,0.237374432365488,1.37606278613473,0.285179990649836,-549.5798,3795.1439,-2467.6164,0.67,1470,23.0215263366699,93.1798400878906,2.625,10.375,31,16,0.427719995325465
"93",964,1247,1587,2098,3084,2576,0.138670284938942,0.290936005465725,0.207977207977208,1.32199117832388,0.320488118175979,-777.9896,4035.7524,-2936.0183,32,1841,7.06204414367676,64.6538238525391,0.5,3,9,1,0.480680723536337
"94",899,1276,1618,1961,3068,2727,0.0958368259290305,0.1740233384069,0.143735158541696,1.21199011124845,0.309432351685873,-915.4148,3961.2349,-3022.1474,18.67,1910,0.954841256141663,135,0.375,0.375,1,4,0.464099007788328
"95",2064,2959,3629,4113,4791,4144,0.0625161456987858,0.116256725595696,0.0937681627381337,1.13337007440066,0.138004750593824,-1732.942,7948.7876,-4106.4546,0,1830,0,45,0,0,0,32,0.206994834035984
"96",1747,2270,2870,3215,3963,3490,0.056696795398521,0.117610963387196,0.0850382055706187,1.12020905923345,0.159959022391336,-1470.4624,6346.7135,-3482.3495,18,1546,6.52698659896851,101.888656616211,-1.5,3.75,10,4,0.239920977537133
"97",1725,2244,2869,3284,4159,3590,0.0674467739314156,0.137208225881108,0.101161940359145,1.14464970372952,0.183551508252703,-1436.4134,6436.9927,-3692.6679,29.34,1581,1.6876049041748,53.1301040649414,-0.125,0.625,2,1,0.275307675891015
"98",546,784,999,1475,1961,1588,0.192400970088925,0.352592592592593,0.288543140028289,1.47647647647648,0.325,-353.1916,2625.0594,-1851.1599,49.34,1684,2.78188633918762,165.963760375977,1,1.25,4,8,0.487417665934808
"99",661,830,1106,1511,2386,1895,0.15475735575086,0.317348377997179,0.232091690544413,1.36618444846293,0.366552119129439,-522.6476,2897.2847,-2288.4866,13.34,1477,6.89389324188232,136.974945068359,0.125,2.875,10,16,0.54974946313529
"100",531,730,999,1481,1944,1573,0.194354838709677,0.344926291684557,0.291473493247329,1.48248248248248,0.321100917431193,-320.502,2596.1685,-1845.2154,49.34,1684,2.78188633918762,165.963760375977,1,1.25,4,8,0.481569560047562
"101",728,1059,1551,2162,2684,2091,0.164556962025316,0.254202030287902,0.246802208159418,1.39393939393939,0.267532467532468,-434.225,3738.7212,-2470.8999,0.67,1452,3.01696133613586,26.5650482177734,-0.5,1.25,4,1,0.401251328060442
"102",959,1357,1860,2496,3335,2774,0.146005509641873,0.24595869750174,0.218983128658327,1.34193548387097,0.283926852743022,-720.5818,4550.4693,-3160.562,4,1650,6.31755065917969,64.7988739013672,-0.25,2.75,9,1,0.425849292657107
"103",1083,1491,2028,2630,3589,3012,0.129240017174753,0.225417509173968,0.193839218632607,1.29684418145957,0.277906355705893,-861.4742,4902.8313,-3396.974,0,1446,3.93109583854675,149.036239624023,1.125,1.875,6,8,0.416822429906542
"104",869,1232,1749,2405,3116,2390,0.157920077034184,0.256952604778692,0.236851606691539,1.37507146941109,0.280986639260021,-552.713,4250.6955,-2853.2324,0,1473,6.72136926651001,126.869903564453,0.625,2.625,9,4,0.421436645771247
"105",720,1053,1559,2547,3031,2147,0.240623477837311,0.379883112888342,0.360891269937903,1.6337395766517,0.320697167755991,-188.0026,4093.0652,-2743.1876,1.33,2021,12.2994165420532,90,-1.75,5,18,1,0.48099335584359
"106",1221,1654,2207,2783,3716,3426,0.115430861723447,0.209652762611924,0.173128944995491,1.26098776619846,0.25476954246159,-1052.3166,5288.2847,-3619.1762,0,1573,1.50952696800232,26.5650520324707,-0.625,0.875,3,64,0.382122056216764
"107",964,1312,1847,2405,3355,2834,0.131232361241769,0.222914669223394,0.196825396825397,1.3021115322144,0.289888504421376,-780.0376,4480.058,-3223.6429,0,1448,2.56950283050537,156.801406860352,-0.375,1.125,4,8,0.434790965881788
"108",626,877,1296,2340,2578,1883,0.287128712871287,0.481372187384729,0.430633851230579,1.80555555555556,0.330924109447599,-38.1733999999999,3597.123,-2355.6497,0,2197,17.0357418060303,180,-1.375,7.875,27,8,0.496322106078204
"109",676,947,1217,2685,2878,2059,0.376217324449001,0.746238308255388,0.564253683536195,2.20624486442071,0.405616605616606,143.07,3948.887,-2635.9149,0,1928,15.7573003768921,28.7059555053711,-5.5,8,24,1,0.60835062873886
"110",767,1011,1400,1943,2475,1960,0.16242895602752,0.295655014701078,0.243606998654105,1.38785714285714,0.27741935483871,-474.5044,3453.3527,-2269.2554,0,1603,14.4268436431885,159.904769897461,0.125,5.875,21,8,0.416075345116759
"111",770,1135,1705,2755,3896,2945,0.23542600896861,0.364027180696159,0.353099428315211,1.6158357771261,0.391180146402428,-386.2152,4670.4316,-3775.2079,0,1820,21.8228321075439,57.011474609375,-3.375,9.375,34,1,0.586717843434794
"112",1122,1625,2205,2781,3822,3379,0.115523465703971,0.189548505989206,0.173267823122431,1.26122448979592,0.268292682926829,-999.6196,5256.0684,-3707.2427,0,1418,9.87092685699463,61.6992416381836,1.125,4.125,13,2,0.402405640812941
"113",1339,1866,2328,2920,3759,3470,0.11280487804878,0.216168845395458,0.169191197484996,1.25429553264605,0.235091177920158,-1139.2146,5574.0357,-3579.1203,0,1610,3.38906717300415,84.2893981933594,-0.25,1.25,5,32,0.352607802874743
"114",1428,1890,2497,3094,4018,3426,0.106778751565015,0.202592642866839,0.160153804882411,1.23908690428514,0.233461243284728,-1127.9656,5854.6324,-3697.4306,0,1349,4.10029363632202,99.4623260498047,-1.25,1.75,6,4,0.350164991174891
"115",826,1153,1554,2023,2724,2368,0.131115459882583,0.227537356879488,0.19664570230608,1.3018018018018,0.273492286115007,-672.323,3768.6528,-2613.6439,0.67,1551,40.1435127258301,177.597396850586,6.25,19.75,68,8,0.410190487320323
"116",1273,1709,2234,2853,3715,3360,0.121682720660507,0.230608747485284,0.182506142506142,1.27708146821844,0.248949403261052,-1035.3544,5377.1885,-3550.3296,0,1512,4.05866432189941,131.633544921875,1.625,1.875,6,32,0.373392722077485
"117",1061,1425,1752,2138,3190,2913,0.0992287917737789,0.205603494194098,0.148824058604292,1.2203196347032,0.290975313638203,-1012.0158,4311.2925,-3116.9763,24.67,1352,0,45,0,0,0,64,0.436418816388467
"118",1301,1648,2036,2403,3588,3429,0.0826762784410903,0.188688946015424,0.124000450501183,1.18025540275049,0.275960170697013,-1261.434,4954.1411,-3544.1806,0,1288,1.01275038719177,90,-0.375,0.375,1,1,0.413903458085163
"119",1523,1997,2379,2855,3436,3142,0.0909438288116163,0.208497590889181,0.136402712771038,1.20008406893653,0.18177128116939,-1221.6046,5540.0361,-3079.1531,6,1270,0.954841256141663,135,-0.375,0.375,1,64,0.272633479494454
"120",732,988,1398,1938,2554,2019,0.161870503597122,0.279098614843912,0.242769369099356,1.3862660944206,0.29251012145749,-474.6498,3454.9656,-2375.9422,0.67,1470,23.0215263366699,93.1798400878906,2.625,10.375,31,16,0.438709677419355
"121",1065,1517,2024,2659,3538,3070,0.135596839632714,0.232890779725666,0.20337354542543,1.31373517786561,0.272204243078029,-856.6654,4922.9867,-3386.9447,2.66,1790,1.96786379814148,59.0362548828125,-0.375,0.875,3,64,0.408269662921348
"122",1085,1395,1724,2120,3155,2953,0.103017689906348,0.228769497400347,0.15450643776824,1.22969837587007,0.293297806927649,-1018.8644,4282.8359,-3115.721,24.67,1352,0,45,0,0,0,64,0.439901629265294
"123",1059,1449,1776,2054,2689,2455,0.0725848563968668,0.145748138827724,0.108863072705913,1.15653153153153,0.20447928331467,-956.7232,4083.3429,-2486.6678,14,1439,9.83200359344482,35.3112134933472,-4,5.75,21,128,0.306684581793752
"124",979,1272,1611,1954,2734,2371,0.0962131837307153,0.200420708192123,0.144299537231805,1.2129112352576,0.258457997698504,-840.7254,3847.3551,-2556.4818,26,1448,5.73025560379028,93.366455078125,0.375,2.375,8,16,0.387642388677943
"125",802,1010,1298,2074,3120,2524,0.230130486358244,0.504158004158004,0.345144551519644,1.59784283513097,0.412403802625622,-512.0692,3754.3142,-3057.0838,46,1952,14.08482837677,80.5376815795898,-1.5,5.75,21,1,0.618535702161367
"126",1372,1996,2532,3017,4166,3586,0.0874031357001261,0.153093434343434,0.131092891251464,1.19154818325434,0.243953418931024,-1262.0514,5896.1886,-3890.369,17.33,1857,0.754894495010376,63.4349365234375,0.25,0.25,1,64,0.36590281406285
"127",1413,1871,2407,2769,3323,3040,0.0699381761978362,0.136820621362159,0.1048971312663,1.15039468217698,0.159860383944154,-1183.27,5359.7305,-2996.8992,15.33,1569,0.675206005573273,180,0.25,0.5,2,32,0.239769653607888
"128",976,1231,1601,2241,2853,2167,0.166579906298803,0.353356890459364,0.249837345478204,1.3997501561524,0.281095644364616,-569.9394,4020.6668,-2529.0164,30,1318,4.82254219055176,102.094757080078,-1,2,7,32,0.42159613873611
"129",633,887,1092,2298,2263,1759,0.355752212389381,0.734738637748264,0.53354962394927,2.1043956043956,0.34903129657228,59.862,3402.8895,-2066.1914,29.33,1460,4.72794246673584,4.08561706542969,0.25,2,7,128,0.523468931604828
"130",758,1014,1240,1872,2305,1935,0.203084832904884,0.435501653803749,0.304578313253012,1.50967741935484,0.300423131170663,-438.4316,3296.5648,-2147.2871,64,1418,16.4164409637451,106.260192871094,1.375,6.875,23,16,0.450571146523763
"131",720,976,1319,1767,2089,1714,0.145171743357097,0.261560018682858,0.21772233921918,1.33965125094769,0.22593896713615,-458.0424,3140.9888,-1881.1131,33.33,1353,5.32285261154175,108.434936523438,0.125,2.125,8,16,0.338858735514156
"132",613,820,1150,1900,2278,1688,0.245901639344262,0.446056857380754,0.36879200131126,1.65217391304348,0.329054842473746,-195.0668,3106.6489,-2079.7148,49.33,1333,2.71992325782776,29.7448806762695,-0.375,1.125,3,1,0.493510281464197
"133",530,778,1108,2097,2118,1611,0.308580343213729,0.518235170823727,0.462798315395414,1.89259927797834,0.313081215127092,28.0615999999999,3132.3784,-1937.9172,48.67,1343,1.35022449493408,0,0.75,0.75,2,128,0.469549046954905
"134",939,1204,1451,1997,2659,2143,0.158352668213457,0.37279803359279,0.237494562853415,1.3762922122674,0.293917274939173,-638.6214,3720.0575,-2413.4759,32,1305,2.71992325782776,150.255111694336,0.375,1.125,3,4,0.440822284393626
"135",752,1004,1469,2330,2935,2316,0.226638589102395,0.391008174386921,0.33991314646664,1.58611300204221,0.332879200726612,-333.6198,3903.7262,-2785.6633,0,1498,1.6876049041748,36.8698978424072,0.125,0.625,2,64,0.499262118288114
"136",582,803,917,2515,2340,1572,0.465617715617716,1.09362168081029,0.698324836125273,2.74263904034896,0.436905127417869,384.8958,3421.9628,-2057.5259,44.67,2330,13.4293937683105,164.248825073242,3.375,5.875,20,8,0.655257099002302
"137",1015,1412,1809,2447,2895,2493,0.149906015037594,0.280340978996397,0.224832608951016,1.3526810392482,0.230867346938776,-685.147,4392.7815,-2654.9391,46.66,1989,1.06752026081085,71.5650482177734,0.875,0.875,2,2,0.346264215113189
"138",1042,1516,1875,2426,2947,2594,0.128109741920484,0.234988058683043,0.19214227595025,1.29386666666667,0.222314392368312,-803.553,4482.8496,-2714.9381,51.33,1941,3.4389123916626,11.3099327087402,0.75,1.5,6,128,0.33343701399689
"139",579,800,849,1767,2212,1712,0.350917431192661,0.910895018852947,0.5262755589528,2.08127208480565,0.445279320483502,-136.8362,2865.1821,-2092.1024,120.67,2648,5.15065240859985,168.690063476562,-1.125,2.125,8,16,0.66780989710926
"140",1061,1379,1703,2465,3148,2732,0.182821497120921,0.403046651856553,0.274199352284995,1.44744568408691,0.297876726448155,-696.9814,4463.1911,-2980.3465,26.66,1904,1.6876049041748,90,1.375,1.375,3,32,0.446769040502937
"141",650,930,984,2865,2471,1795,0.488698363211224,1.20731707317073,0.73295233147162,2.91158536585366,0.430390738060781,468.6134,3832.1262,-2203.4065,64.66,2305,6.9262490272522,50.9061279296875,-0.375,3.125,10,64,0.645492692808566
"142",1074,1482,1885,2577,2869,2343,0.155087404751233,0.296588376478656,0.232605042016807,1.36710875331565,0.206983592763988,-633.673,4531.9402,-2508.2377,8.67,1270,1.06752026081085,161.565048217773,0.5,0.5,1,4,0.310442738458303
"143",695,949,1302,2095,2657,2060,0.233441271710333,0.422212756894899,0.350110375275938,1.60906298003072,0.342258145996464,-308.6272,3528.2763,-2493.2682,28,1654,11.2041759490967,149.620880126953,3,5.25,17,16,0.513322389190554
"144",613,898,1397,2136,2925,1924,0.209170676478913,0.311998648990965,0.313711617376539,1.52899069434503,0.353540027764924,-248.571,3584.0267,-2645.4143,0,1423,0.337614715099335,180,-0.125,0.125,1,2,0.530248698669751
"145",715,1059,1558,2341,3245,2295,0.200820723262375,0.309363887791387,0.301192460571868,1.50256739409499,0.35123880907766,-375.6038,4022.3191,-2999.8252,0.67,1486,2.3859441280365,171.869903564453,-0.25,1,3,4,0.526803372540856
"146",1269,1813,2334,3023,3387,2827,0.128616763113683,0.229345582850676,0.192907139524032,1.29520137103685,0.184058730991085,-849.8958,5414.4873,-2971.29,6.67,1258,0.337614715099335,0,0.125,0.125,1,128,0.276063969238836
"147",777,1032,1529,2270,3247,2416,0.195051329297183,0.32977303070761,0.29253849190683,1.48463047743623,0.359715242881072,-454.8854,3992.6615,-3063.3883,1.34,1311,1.01777750994864e-13,45,0,0,0,128,0.539516382288286
"148",1034,1462,1863,2531,3333,2906,0.152025489303596,0.280436607892527,0.228012288087382,1.35856146001074,0.282909930715935,-794.5272,4665.045,-3185.4085,36,1403,3.03572368621826,180,-0.125,1.125,5,8,0.424324064274031
"149",860,1142,1595,2444,3619,2638,0.21020054468928,0.381401617250674,0.315261789825473,1.53228840125392,0.388185654008439,-497.8742,4333.355,-3403.9279,25.34,1488,14.9766092300415,82.4053573608398,2.875,6.875,23,2,0.582222648384313
"150",792,1049,1396,2161,2763,2080,0.215068878268204,0.415941713788604,0.322557976106817,1.54799426934097,0.328684779995191,-381.18,3712.6348,-2524.9954,49.34,1308,2.56950283050537,23.1985931396484,-0.875,1.125,4,128,0.49296790479625
"151",813,1066,1520,2117,2945,2269,0.16414627440198,0.290341406477969,0.246185567010309,1.39276315789474,0.319148936170213,-535.4834,3816.3941,-2747.9261,4.67,1342,3.32143211364746,156.037506103516,-0.375,1.375,5,16,0.478669801813907
"152",996,1421,1848,2540,3582,2983,0.157702825888788,0.28088975483033,0.236527287227982,1.37445887445887,0.319337016574586,-780.463,4704.852,-3436.4137,0,1359,3.01696133613586,153.434951782227,0.25,1.25,4,16,0.478961421600221
"153",734,997,1410,2050,2754,2074,0.184971098265896,0.319616460247703,0.277416558300824,1.45390070921986,0.322766570605187,-425.2612,3596.4546,-2547.2457,0,1348,0.754894495010376,63.4349365234375,-0.25,0.25,1,32,0.484091727698403
"154",926,1248,1641,2370,2828,2123,0.181750186985789,0.345694233687405,0.272591300012464,1.44424131627057,0.265607518460506,-475.4298,4102.3542,-2483.5606,24,1295,14.0399875640869,124.438995361328,-0.125,5.875,17,16,0.398366707685423
"155",678,1007,1399,2195,2996,1944,0.221480244852532,0.361489554950045,0.332174154958965,1.56897784131523,0.363367463026166,-275.7266,3711.7708,-2665.8947,8.66,1450,5.00628232955933,109.653839111328,0.5,2,7,16,0.544989193493346
"156",887,1279,1768,2505,3127,2364,0.172478352445589,0.285150506848255,0.258687258687259,1.41685520361991,0.277630234933606,-507.8136,4351.2163,-2824.5066,0,1329,1.06752026081085,161.565048217773,-0.125,0.375,2,8,0.41640281891533
"157",897,1203,1522,2050,2753,2361,0.147816349384099,0.296263045673886,0.221693491952414,1.34691195795007,0.287953216374269,-679.2588,3825.6235,-2603.8388,52.67,1831,3.19960141181946,108.434936523438,0.875,1.375,4,16,0.431879312361127
"158",849,1132,1399,2441,2709,2096,0.271354166666667,0.582969676625266,0.406978258039318,1.74481772694782,0.318889970788705,-238.876,3952.3285,-2441.0353,22,2272,20.4111671447754,100.954055786133,3.25,9.5,26,1,0.478276743336984
"159",555,766,876,2217,2371,1721,0.433559650824442,1.01238109617998,0.650234362372717,2.53082191780822,0.460425007699415,178.193,3204.9255,-2199.8143,4,1907,3.37228679656982,126.869903564453,0.625,1.625,5,32,0.690531177829099
"160",1842,2424,2931,3520,4097,3647,0.0913036738490157,0.201933625891388,0.136944896535689,1.20095530535653,0.165907797381901,-1416.6704,6733.6788,-3585.5947,42.66,1886,5.08888754974322e-14,135,0,0,0,64,0.248843992316995
"161",966,1347,1744,2606,3388,2793,0.19816091954023,0.369893580501202,0.2972072175612,1.49426605504587,0.320342946219797,-596.1826,4595.4778,-3215.0613,17.34,1986,2.71992325782776,150.255111694336,-0.125,1.125,4,16,0.480467608377983
"162",1701,2159,2538,3221,3941,3321,0.118596978642125,0.299956082564778,0.177880024307666,1.26910953506698,0.216545763235067,-1215.3234,6128.8089,-3440.7028,54.67,1807,1.35022449493408,180,-1,1,2,8,0.324793579751524
"163",766,1017,1226,1833,1981,1717,0.198430859758091,0.440493468795356,0.297597646674293,1.49510603588907,0.235422513252261,-397.7842,3159.113,-1783.7608,100,1937,0,45,0,0,0,128,0.353078721745908
"164",1536,2020,2314,2959,3699,3067,0.122321259245211,0.302873779113449,0.183464492272684,1.27873811581677,0.230334275735906,-1118.6822,5649.0232,-3230.2443,54.67,1807,1.35022449493408,180,-1,1,2,8,0.345472686455475
"165",931,1288,1749,2347,3159,2279,0.14599609375,0.255141223653895,0.218967411204687,1.34190966266438,0.287286063569682,-605.5426,4246.7283,-2801.7643,4,1473,6.72136926651001,126.869903564453,0.625,2.625,9,4,0.430885199144341
"166",1160,1530,1892,2381,2915,2586,0.114439503861456,0.24284862932062,0.171639171639172,1.25845665961945,0.212814645308924,-884.1876,4497.128,-2653.6085,16,1277,0,45,0,0,0,32,0.319188767550702
"167",985,1338,1717,2280,3701,2938,0.140855641731298,0.270907516119719,0.21125703564728,1.32789749563192,0.366186784791436,-859.8466,4455.7303,-3552.7983,8,1423,4.26269292831421,18.4349479675293,0.75,1.75,6,128,0.549229491556704
"168",862,1179,1531,2062,2574,2225,0.14778736431951,0.27748745819398,0.221650201753165,1.34683213585892,0.254080389768575,-614.6906,3752.875,-2406.7117,36.67,1809,3.58425235748291,41.185925245285,0.125,1.375,4,64,0.381074168797954
"169",809,1154,1478,2004,2974,2565,0.151062607696726,0.273644782020601,0.226561378320172,1.35588633288227,0.336028751123091,-703.4634,3808.6817,-2923.0466,42.66,1830,0.954841256141663,135,-0.375,0.375,1,64,0.503986524424481
"170",669,907,1039,2074,2652,1962,0.332476710568583,0.786115752696339,0.498634976714309,1.99615014436959,0.437008940666486,-153.9588,3368.2477,-2478.2025,25.33,2160,7.50614261627197,116.565063476562,-0.875,3.125,9,16,0.65542462413653
"171",833,1115,1374,2010,2827,2311,0.187943262411348,0.396756082345602,0.28187324567883,1.46288209606987,0.345870030945013,-575.746,3691.1727,-2685.3294,61.34,1942,5.38597726821899,90,0.5,2.25,8,1,0.518743305962156
"172",1122,1505,1910,2454,3300,2809,0.124656278643446,0.247272727272727,0.186962996906862,1.2848167539267,0.26679462571977,-887.9354,4655.147,-3076.3531,25.34,1872,1.90915238857269,45,0,0.75,2,1,0.40015353612897
"173",628,816,927,1973,2356,1580,0.360689655172414,0.925336164189667,0.540941217031546,2.12837108953614,0.43527261650929,-19.6981999999999,3074.7882,-2093.809,78.66,2068,15.7964248657227,1.19348907470703,-2.5,6.25,23,1,0.652809502055733
"174",597,856,1057,1872,2611,2093,0.278251963127347,0.545150501672241,0.417306707629288,1.77105014191107,0.423664122137405,-294.1824,3200.2003,-2558.9171,56.67,2066,7.91730499267578,53.6156616210938,0.25,3.25,11,64,0.635409567943301
"175",613,799,879,1697,2206,1536,0.317546583850932,0.861233943988208,0.476227440326024,1.93060295790671,0.430145867098865,-163.8482,2810.3811,-1985.7959,87.34,2030,9.28043079376221,115.640991210938,-0.375,3.875,13,32,0.645114244044725
"176",640,883,1037,1803,2526,1963,0.269718309859155,0.593614383137012,0.404506248899842,1.73866923818708,0.417906258770699,-320.8368,3130.1846,-2413.3325,78,1904,0.754894495010376,116.565048217773,0.25,0.25,1,4,0.626771432580328
"177",739,1037,1322,1937,2976,2413,0.188708192697146,0.35528596187175,0.283018867924528,1.46520423600605,0.384830153559795,-574.2616,3605.9057,-2904.9473,53.34,1877,5.09561967849731,172.405349731445,2.125,2.875,7,4,0.57717808537862
"178",870,1144,1386,2073,2845,2258,0.198612315698179,0.444372574385511,0.297875415522474,1.495670995671,0.344835736232569,-546.4744,3760.0938,-2649.3361,70,2003,2.90182161331177,125.537689208984,0.375,1.375,5,32,0.51719248493442
"179",1098,1498,1841,2414,3249,2803,0.134665099882491,0.274110218140069,0.201973916108565,1.31124388919066,0.276620825147348,-871.0444,4576.4024,-3051.0269,8,1784,1.90915238857269,45,0,0.75,2,64,0.414890482270897
"180",797,1129,1435,2141,2991,2479,0.197427293064877,0.369672216986072,0.29609953865511,1.49198606271777,0.351558969724356,-553.359,3863.2861,-2893.1774,38,1935,4.97235822677612,151.699249267578,0.125,2.125,6,4,0.527278888512369
"181",1063,1462,1839,2413,3611,2890,0.134995296331138,0.262076522691992,0.202469135802469,1.3121261555193,0.325137614678899,-878.0088,4644.8007,-3391.2217,1.33,1790,4.82254219055176,65.2248611450195,0,2,6,1,0.487661682414457
"182",708,972,1098,2434,2619,1887,0.378255945639864,0.899542149205494,0.567303609341826,2.21675774134791,0.409200968523002,54.3827999999999,3662.2494,-2359.3795,90.66,2567,14.6567935943604,157.479431152344,0.125,6.125,20,8,0.613718897108272
"183",931,1376,1803,2195,3441,3043,0.0980490245122561,0.162480311696924,0.14705514567963,1.21741541874653,0.312356979405034,-974.9718,4383.2799,-3414.6753,58.66,1924,0,45,0,0,0,128,0.468490799885594
"184",992,1308,1678,2062,2936,2659,0.102673796791444,0.204647196759753,0.153990108274295,1.22884386174017,0.272648461205028,-893.7558,4059.8152,-2841.3516,48,1816,2.13429999351501,71.5650634765625,0.375,0.875,3,32,0.408928377939105
"185",932,1325,1726,2062,3063,2787,0.08870116156283,0.154724627003131,0.133034182394087,1.1946697566628,0.279181457506786,-938.3228,4113.4018,-3014.8778,56,1928,1.01275038719177,90,0.625,0.625,1,1,0.418728468524898
"186",932,1325,1694,2062,3062,2787,0.0979765708200213,0.175673095283559,0.146945294822308,1.2172373081464,0.287636669470143,-923.7194,4100.6804,-3017.0781,46.66,1922,1.06752026081085,108.434951782227,-0.125,0.375,2,2,0.431409649952696
"187",1214,1594,2002,2350,3283,2808,0.0799632352941176,0.165462152909852,0.119931074095348,1.17382617382617,0.242384105960265,-1063.929,4682.6836,-3017.9341,34,1401,7.06204414367676,87.273681640625,-0.75,3,11,2,0.363541765206698
"188",1315,1786,2242,2600,3399,3215,0.07393638992152,0.144576367013973,0.110893133711926,1.15967885816235,0.205105477752172,-1210.7904,5154.2329,-3219.4683,60,1890,0,45,0,0,0,128,0.307630949215634
"189",1305,1730,2167,2626,3024,2710,0.0957646567911538,0.196439270735256,0.143632001668927,1.21181356714352,0.165093430938162,-993.4284,4950.9373,-2681.1418,0,1728,0.754894495010376,116.565048217773,-0.25,0.25,1,4,0.247616295868246
"190",1267,1639,2188,2749,3952,3562,0.113631760178246,0.219982746451259,0.170430379746835,1.25639853747715,0.287296416938111,-1118.8902,5343.2605,-3867.6191,0,1446,3.93109583854675,149.036239624023,1.125,1.875,6,8,0.430909535054149
"191",967,1379,1941,2723,3711,2812,0.167667238421955,0.274675096592905,0.251473898595777,1.40288511076765,0.313163481953291,-628.9224,4843.8255,-3438.684,0,1458,5.52021265029907,127.568588256836,1.375,2.625,8,2,0.469703670942061
"192",1145,1525,1927,2300,2965,2405,0.0882422521883132,0.17676049663539,0.132347723240686,1.19356512714063,0.212183156173344,-903.3772,4429.5823,-2601.3128,40.67,1484,8.3271427154541,139.89909362793,1.375,3.625,10,4,0.318242207460399
"193",1065,1404,1783,2223,3256,2758,0.109835247129306,0.22292025534502,0.164732309996256,1.24677509814919,0.292319904743005,-921.6558,4366.0387,-3078.8128,30.66,1397,5.71059322357178,45,0,2.25,6,1,0.438436352812779
"194",1049,1389,1728,2210,3236,2765,0.122397155916709,0.255757189854611,0.183572426050527,1.27893518518519,0.30378726833199,-896.3442,4320.4005,-3080.6853,0,1373,5.73025560379028,40.236358165741,0.875,2.625,7,64,0.455635008560782
"195",1323,1780,2226,2755,3920,3479,0.106203573579602,0.213668309233379,0.159289370671484,1.23764600179695,0.275626423690205,-1178.1168,5417.6601,-3749.6798,10.66,1432,1.90915238857269,135,0,0.75,2,4,0.413406003416579
"196",1032,1317,1647,2143,3323,2744,0.130870712401055,0.289314045730285,0.196280174119509,1.30115361262902,0.337223340040241,-871.4936,4223.9904,-3167.518,3.33,1367,1.72100615501404,101.309936523438,-0.125,0.625,2,4,0.505784126345438
"197",1063,1471,1908,2719,3489,2612,0.175275556516101,0.32725365184408,0.262884927066451,1.42505241090147,0.292940522512507,-623.4088,4816.2147,-3119.9716,2,1661,11.4853706359863,16.8583984375,2.25,5,18,128,0.439370078740158
"198",1081,1417,1800,2253,3077,2493,0.111769059955588,0.228949762458304,0.16763290983101,1.25166666666667,0.261841295878614,-844.4338,4321.2213,-2788.9446,44,1529,10.7595834732056,150.255111694336,2,4.75,16,8,0.392721681189134
"199",1267,1759,2245,2781,3862,3331,0.106645443692797,0.19853322468331,0.159952253058788,1.23875278396437,0.264778123464876,-1102.1652,5378.0269,-3641.4259,2.66,1375,1.21711814403534,33.690071105957,-0.75,0.75,2,2,0.397134670487106
"200",1098,1374,1667,2079,2945,2382,0.109983982915109,0.267741096958669,0.164953957026558,1.24715056988602,0.277103209019948,-863.1056,4089.173,-2656.9073,21.33,1282,1.01777750994864e-13,135,0,0,0,128,0.415609756097561
"201",1067,1409,1779,2181,3201,2642,0.101515151515152,0.207067065004636,0.152253503345537,1.22596964586847,0.285542168674699,-919.6924,4306.8315,-2975.8824,18.66,1337,2.13429999351501,161.565048217773,-0.375,0.875,3,4,0.428270253990563
"202",1051,1418,1832,2389,3461,3033,0.131959251362236,0.253204836803346,0.197915432902997,1.30403930131004,0.307764972605328,-905.9106,4592.1323,-3368.6293,34.66,1370,0.954841256141663,45,-0.375,0.375,1,16,0.461603853782941
"203",1283,1650,2220,2653,3622,3197,0.0888569669608044,0.170432181374478,0.133271775931056,1.19504504504504,0.239986306059569,-1105.6108,5165.2545,-3415.9778,0,1498,1.6876049041748,36.8698978424072,0.125,0.625,2,64,0.3599486521181
"204",1283,1613,2042,2378,2958,2416,0.0760180995475113,0.167714884696017,0.114014251781473,1.16454456415279,0.1832,-981.4944,4613.0639,-2531.0539,1.33,1554,7.08572673797607,58.5704345703125,-0.125,2.875,9,1,0.274772522747725
"205",1062,1343,1607,2220,2770,2393,0.160177684870656,0.393150333504361,0.240235140431091,1.38145612943373,0.265707105323281,-713.1822,4100.5874,-2541.7237,57.34,1923,1.35022449493408,0,0.5,0.75,2,64,0.398515134209023
"206",1165,1596,2008,2530,3329,2857,0.115028646981049,0.223401523581272,0.172523961661342,1.25996015936255,0.247517331834364,-939.598,4812.0955,-3079.5043,13.34,1829,4.85753345489502,146.309936523438,0.5,2,7,16,0.371241217798595
"207",769,989,1223,2071,2892,2377,0.257437765634487,0.582017844886754,0.386098042191531,1.69337694194603,0.405589307411908,-417.3328,3627.2699,-2824.2427,56.67,2066,7.91730499267578,53.6156616210938,0.25,3.25,11,64,0.608310047381849
"208",1018,1357,1734,2380,3414,2941,0.15702479338843,0.313592233009709,0.235508567262122,1.37254901960784,0.326340326340326,-809.5442,4486.1958,-3314.5945,0,1896,1.90915238857269,44.9999999999939,0,0.75,2,64,0.489462950373895
"209",1074,1521,1882,2791,3673,2973,0.194521720522149,0.376928180461105,0.291751364074034,1.48299681190223,0.322412241224122,-682.2022,4979.6746,-3438.9428,44,2112,15.5034084320068,102.264770507812,-1.125,6.375,23,4,0.483574835748357
"210",923,1249,1587,2103,3312,2740,0.139837398373984,0.274263846072074,0.209727679176263,1.32514177693762,0.352112676056338,-810.1546,4103.7249,-3208.3331,53.34,1877,5.09561967849731,172.405349731445,2.125,2.875,7,4,0.528115113787121
"211",958,1273,1636,2281,3125,2681,0.164666836864948,0.328210869122736,0.246968730057435,1.39425427872861,0.312749422390254,-708.6514,4216.681,-3003.338,38,1935,4.97235822677612,151.699249267578,0.125,2.125,6,4,0.469074871364066
"212",1221,1715,2229,2837,3909,3508,0.12001579155152,0.215465305833156,0.180005921247409,1.27276805742485,0.273704789833822,-1072.5784,5415.9261,-3791.9578,0,1982,0.675206005573273,90,0,0.25,2,2,0.410523743585567
"213",1039,1443,1831,2352,3522,3120,0.12455175711212,0.234832777427206,0.186805306561492,1.28454396504642,0.315897627498599,-960.4336,4599.4543,-3462.3603,37.34,2050,0.754894495010376,63.4349517822266,0.25,0.25,1,1,0.473802185486131
"214",1359,1741,2085,2600,3718,3215,0.109925293489861,0.261766798820779,0.164870344680397,1.24700239808153,0.281406169222816,-1145.7466,5163.6579,-3475.4517,46.66,1774,2.43313884735107,146.309936523438,0,1,3,16,0.422072887050918
"215",1199,1594,2005,2554,3616,3210,0.120421144987936,0.2454179704962,0.18061190920057,1.27381546134663,0.286603807151752,-1031.958,4960.9027,-3478.8562,17.34,1846,1.01275038719177,0,-0.625,0.625,1,1,0.42986747309437
"216",926,1223,1506,1919,2381,2092,0.120583941605839,0.257417102966841,0.180849511020289,1.2742363877822,0.225109338821713,-700.26,3618.4218,-2173.2806,59.33,1905,2.43313884735107,123.690063476562,0.75,1,3,16,0.337620578778135
"217",1266,1612,2005,2456,3178,2772,0.101098408428603,0.225861378205128,0.151630617505323,1.22493765586035,0.226316804939224,-1003.2152,4753.6126,-2893.6924,48.66,1913,9.30411529541016,37.6942405700684,0.25,3.75,11,64,0.339442461657181
"218",971,1333,1635,2057,3192,2810,0.11430119176598,0.230073056373351,0.171428571428571,1.25810397553517,0.322560596643878,-925.3938,4124.6181,-3122.4847,49.34,1915,1.35022449493408,180,0.25,0.5,2,16,0.48379078197825
"219",797,1120,1444,2352,3170,2549,0.239199157007376,0.450441512054767,0.358751481627815,1.62880886426593,0.374078890333767,-430.029,4062.2989,-3054.7044,0,1583,8.11811637878418,128.290161132812,-2.375,3.875,14,8,0.561057536027739
"220",820,1173,1541,2525,3470,2703,0.242006886374816,0.437566702241195,0.362965695315382,1.63854639844257,0.384953103173019,-427.9468,4343.0798,-3328.8315,4,1820,21.8228321075439,57.011474609375,-3.375,9.375,34,1,0.577372044298114
"221",550,850,930,2919,2209,1302,0.516757599376461,1.13657142857143,0.775035718924536,3.13870967741935,0.407454603376872,728.6236,3642.699,-1782.7443,6,1891,19.5957374572754,65.5560455322266,0.625,8.625,26,1,0.611084567606307
"222",904,1248,1659,2317,3405,2878,0.165492957746479,0.29952658412236,0.248208223311958,1.39662447257384,0.34478672985782,-725.722,4317.0276,-3338.1351,1.34,1568,7.06204414367676,87.273681640625,-1.125,2.875,10,1,0.517129035442788
"223",930,1384,1830,2883,4118,3225,0.223424570337365,0.382130933372042,0.335101304762915,1.57540983606557,0.384667114996638,-574.7624,5059.7124,-3980.137,0.67,1637,16.9195098876953,81.085075378418,-1.375,6.875,27,2,0.576952172816676
"224",791,1065,1394,1903,2847,2371,0.154382772217167,0.293507092607542,0.231539044730857,1.36513629842181,0.342607875501061,-643.8934,3603.7763,-2759.8168,0.67,1550,14.8510627746582,143.130096435547,3.375,7.125,22,8,0.513851231875516
"225",842,1136,1438,2116,2955,2271,0.190770962296005,0.382618510158014,0.286116190744127,1.47148817802503,0.345322103346233,-534.0944,3824.4208,-2741.6891,0,1682,18.8087368011475,59.8862686157227,0.25,8,25,1,0.517924206213725
"226",774,1034,1355,2178,2695,2390,0.232946504387206,0.456816163410302,0.349370312721098,1.60738007380074,0.330864197530864,-419.2074,3730.034,-2650.7659,0.67,1683,15.3290853500366,25.4633483886719,-2,6.5,21,1,0.496235032712011
"227",1056,1342,1704,2456,3732,3522,0.180769230769231,0.394875026254988,0.271121259464007,1.44131455399061,0.373068432671082,-910.8244,4700.4216,-3861.2646,0,1737,1.96786379814148,30.9637565612793,-0.125,0.875,2,64,0.559551181826543
"228",800,1061,1332,2005,2416,2172,0.201678154030566,0.420835417708854,0.30247191011236,1.50525525525526,0.289220917822839,-483.4178,3521.9538,-2321.3287,0,1713,7.11717653274536,19.2900466918945,1.25,3,10,128,0.433773509403761
"229",918,1125,1379,1883,2480,2193,0.15450643776824,0.384967919340055,0.231724137931034,1.36548223350254,0.285307074371599,-659.0288,3540.74,-2340.4309,39.34,1881,5.80822277069092,100.007965087891,-0.875,2.375,8,64,0.42790516906335
"230",1117,1419,1795,2141,2481,2216,0.0879065040650406,0.190759730951593,0.131843007748,1.19275766016713,0.160430308699719,-845.648,4074.4093,-2182.937,38,1221,4.52022743225098,26.5650482177734,-0.75,2,6,128,0.240617327253595
"231",1061,1348,1729,2217,2895,2375,0.123669538773441,0.263243068292157,0.185480805777271,1.28224407171776,0.252162629757785,-770.5838,4173.4585,-2615.4795,0,1422,0.337614715099335,0,-0.125,0.125,1,64,0.378203048978268
"232",906,1141,1466,1906,2293,2001,0.130486358244365,0.281473899692938,0.195700518902891,1.30013642564802,0.22000532056398,-629.2804,3519.4172,-2084.4796,2.66,1597,5.64121961593628,72.6459732055664,-0.375,2.375,8,2,0.329964090969544
"233",846,1109,1421,2095,2679,2220,0.191695108077361,0.393967734393266,0.287501777335419,1.47431386347643,0.306829268292683,-512.6544,3722.6222,-2511.332,2,1651,2.13429999351501,18.4349479675293,-0.375,0.875,3,64,0.460187781977808
"234",898,1228,1547,2464,2751,2367,0.228621291448517,0.457402234636871,0.342889193568491,1.59276018099548,0.280130293159609,-412.9804,4134.5624,-2570.4573,12.67,1791,1.06752026081085,108.434936523438,-0.5,0.5,1,64,0.420146562754449
"235",1038,1420,1781,2365,3295,2788,0.140858658948384,0.277197645718625,0.211262510551067,1.32790567097136,0.298266351457841,-827.3028,4474.619,-3119.2645,2.67,781,3.76924395561218,26.5650482177734,-0.5,1.5,6,1,0.447355461439968
"236",772,992,1336,1813,2559,2128,0.151476659256907,0.295173267326733,0.227178917288458,1.35703592814371,0.313992297817715,-577.0592,3378.058,-2441.0667,26.66,1363,4.11407518386841,55.0079803466797,-1.25,2,7,1,0.470927993839045
"237",812,1127,1406,2159,2840,2392,0.211220196353436,0.417776298268975,0.316785864535128,1.53556187766714,0.337729627885068,-505.3798,3820.6466,-2729.0977,12,1823,0.754894495010376,116.565063476562,0.25,0.25,1,16,0.506534793359237
"238",719,1014,1240,2192,2644,2109,0.277389277389277,0.56125456903667,0.416023306627822,1.76774193548387,0.361483007209063,-256.4438,3610.8547,-2488.9108,33.34,1630,0.954841256141663,45,0.375,0.375,1,1,0.542154717466856
"239",681,913,1082,1851,2303,1826,0.26218888510058,0.594005870539163,0.39321629452872,1.71072088724584,0.360709010339734,-290.8168,3134.8625,-2144.8848,43.33,1774,2.05277514457703,9.46232223510742,0.25,0.75,3,128,0.540983606557377
"240",854,1167,1442,2288,2955,2406,0.226809651474531,0.466269841269841,0.340168878166466,1.58668515950069,0.344098248806004,-466.6058,3983.93,-2792.9852,33.34,1598,5.4792685508728,47.4895629882812,0.625,2.125,6,64,0.516088686753837
"241",959,1330,1688,2296,2879,2502,0.152610441767068,0.290492116579073,0.228886936880412,1.36018957345972,0.260783884388001,-689.3986,4185.6233,-2700.9539,22.66,1821,4.38048696517944,0,0.625,1.875,7,128,0.391133004926108
"242",750,1090,1387,2472,2818,2200,0.281160922518787,0.524661508704062,0.421686746987952,1.78226387887527,0.340309155766944,-193.8136,3958.8178,-2614.2938,15.33,2082,3.70861673355103,90,-0.125,1.375,5,1,0.510403043633337
"243",1067,1414,1766,2387,3202,2665,0.1495304599085,0.311653116531165,0.224268689057421,1.35164212910532,0.289049919484702,-778.1152,4451.1413,-2975.6574,0,1632,6.72968864440918,87.1376037597656,0.5,3,10,64,0.433531246855188
"244",1271,1837,2354,2739,3259,3043,0.0755939524838013,0.131282820705176,0.113379797781486,1.16355140186916,0.161232852307144,-1119.727,5239.9187,-3001.1344,26,1759,1.06752026081085,108.434936523438,0.5,0.5,1,64,0.241827736706155
"245",1237,1688,2035,2470,3113,2827,0.0965593784683685,0.201258443601369,0.1448229941183,1.21375921375921,0.209401709401709,-1037.2596,4788.8563,-2861.3853,42.66,1755,0,45,0,0,0,128,0.314072059823249
"246",1304,1743,2248,2785,3743,3338,0.106695807669382,0.206729288574068,0.160027813648555,1.23887900355872,0.249540978133867,-1106.4092,5362.7188,-3547.5816,55.33,1873,2.02486824989319,0,-0.375,0.875,3,64,0.374280230326296
"247",1554,2110,2588,3002,3574,3316,0.0740608228980322,0.150523560209424,0.111081298631607,1.15996908809892,0.160012982797793,-1313.94,5839.2698,-3216.854,7.33,1494,0.954841256141663,44.9999999999817,0.125,0.375,2,128,0.24
"248",1531,2077,2650,3238,3231,2902,0.0998641304347826,0.191993730816953,0.149783476267301,1.22188679245283,0.098792722326135,-1041.2206,5862.0901,-2723.9984,10,1688,0.954841256141663,135,-0.375,0.375,1,4,0.148176485590411
"249",986,1236,1511,1909,2239,2001,0.116374269005848,0.277855347668249,0.174535886566291,1.26340172071476,0.194133333333333,-706.8058,3592.9526,-1997.5717,54,1916,0.337614715099335,90,-0.125,0.125,1,64,0.291161178509532
"250",1705,2327,2897,3354,4758,3929,0.0731083026715725,0.143719730800679,0.109653683116052,1.15774939592682,0.243109079033312,-1526.7882,6713.5673,-4312.5951,6,1407,10.6835079193115,88.2100830078125,-3,5,15,4,0.364639801449938
"251",625,873,1140,2014,2441,2080,0.27710843373494,0.524295140971806,0.415596766524013,1.76666666666667,0.363306339011449,-240.935,3307.3071,-2394.2262,0.67,1683,15.3290853500366,25.4633483886719,-2,6.5,21,1,0.544883428730979
"252",678,910,1141,1981,2547,2253,0.269058295964126,0.56104728827144,0.403522818254604,1.7361963190184,0.381236442516269,-343.2786,3370.1218,-2548.5387,0,1692,7.45400953292847,54.1623458862305,2,3.5,11,2,0.571777145180968
"253",629,872,1221,1830,2214,1720,0.19960668633235,0.342944025228066,0.299360970014747,1.4987714987715,0.289082969432314,-306.8228,3102.4341,-2030.8134,0,1393,0.477453768253326,135,-0.125,0.125,1,64,0.433561344782419
"254",701,937,1297,1761,2445,2086,0.151733158927404,0.270617053540184,0.227562530652281,1.35774865073246,0.306787814003207,-538.4748,3246.7165,-2368.9092,0.67,1379,11.5975980758667,129.17366027832,2.5,5.25,16,4,0.460120240480962
"255",956,1362,1690,2321,3146,2667,0.157317377212665,0.298091458805745,0.235946653371557,1.37337278106509,0.301075268817204,-733.0888,4302.8314,-2985.6616,2.67,781,3.76924395561218,26.5650482177734,-0.5,1.5,6,1,0.451566215238292
"256",1200,1653,2190,2793,3678,3440,0.121011438892234,0.217406980098067,0.181498946523528,1.27534246575342,0.253578732106339,-1032.991,5274.2862,-3604.3761,0,1341,4.58231496810913,53.9726257324219,0.375,1.875,5,1,0.380335690551248
"257",782,1129,1421,2494,3154,2537,0.274074074074074,0.520267649340574,0.411058613203933,1.75510204081633,0.37879781420765,-315.2634,4144.8974,-3030.8591,0,1583,8.11811637878418,128.290161132812,-2.375,3.875,14,8,0.568134630095072
"258",1123,1566,1952,2962,3465,3029,0.205535205535206,0.403838464614154,0.308271441652254,1.51741803278689,0.279305888868377,-637.0036,5122.8329,-3270.2309,0,1356,1.96786379814148,120.963760375977,0.375,0.875,3,8,0.418920166128288
"259",770,1070,1434,2152,2875,2189,0.200223089793642,0.36029706945002,0.300292764533668,1.50069735006973,0.334416337897424,-436.2252,3764.7072,-2667.5221,0,1810,9.09464073181152,96.3401947021484,0.625,3.375,12,4,0.501566306996171
"260",987,1339,1679,2141,2925,2524,0.120942408376963,0.239950140230601,0.181389870435807,1.27516378796903,0.270634231103388,-812.7232,4101.7091,-2749.6226,6.67,1661,10.6222171783447,136.273025512695,1,4.25,14,8,0.405907264632425
"261",857,1233,1613,2359,3453,2820,0.187814702920443,0.332412440958916,0.281686595342983,1.46249225046497,0.363205684958547,-640.382,4307.3477,-3360.562,1.34,1568,7.06204414367676,87.273681640625,-1.125,2.875,10,1,0.544754761669792
"262",534,885,959,3281,2304,1453,0.547641509433962,1.15384615384615,0.821365405022993,3.42127215849844,0.412197364388599,918.5148,3960.2108,-1906.8541,12,2016,15.128378868103,16.4600143432617,-0.875,6.375,22,128,0.6182013176038
"263",1135,1514,2051,2766,3385,2798,0.148432634419763,0.272463989025227,0.222625843279709,1.34861043393467,0.245401030169242,-741.5366,4953.4121,-3096.4083,0,1514,4.38048696517944,112.619873046875,-0.5,2,8,16,0.368067690609767
"264",1104,1514,1955,2629,3598,2928,0.147033158813264,0.277138157894737,0.220525684371251,1.34475703324808,0.295876103007383,-822.2114,4878.9002,-3354.9674,0,1419,2.4563946723938,164.054611206055,-0.125,1.125,3,16,0.443774196452687
"265",859,1191,1641,2118,3196,2884,0.126895450917797,0.215934812132187,0.190317861417742,1.29067641681901,0.321480256357246,-817.416,4085.8923,-3220.6637,0,1500,9.19103336334229,169.508529663086,-3.125,5.375,14,4,0.482170542635659
"266",849,1169,1543,1982,2685,2212,0.124539007092199,0.225197496665641,0.186782016735215,1.28451069345431,0.270104068117313,-667.2618,3716.5303,-2494.0808,5.34,1377,0.954841256141663,135,-0.875,0.875,2,4,0.405108194395176
"267",977,1335,1723,2290,3240,2602,0.141290804884127,0.267377157408281,0.211909804410116,1.32907719094602,0.305661898045537,-752.3516,4301.9881,-3021.5961,0,1743,18.9623184204102,157.833648681641,-2.625,7.875,29,8,0.458446660622545
"268",880,1166,1589,2323,3046,2473,0.187627811860941,0.348992012171929,0.281405750798722,1.46192573945878,0.314347357065804,-537.3612,4106.057,-2875.987,8.67,1609,8.05635929107666,92.3859558105469,0.125,3.125,12,32,0.471470175817064
"269",1011,1345,1716,2283,3167,2726,0.14178544636159,0.283641820910455,0.212651581447681,1.33041958041958,0.297153389309851,-799.7976,4313.5611,-3022.7536,27.34,1460,2.3859441280365,135,0.5,1.25,3,32,0.445684447629774
"270",881,1157,1495,2080,2933,2422,0.163636363636364,0.329132440643637,0.245420220948119,1.39130434782609,0.324751580849142,-644.8058,3862.8955,-2788.61,16,1624,4.85753345489502,56.3099365234375,0,2,6,64,0.487072372135034
"271",1034,1446,1811,2420,2957,2663,0.143937603403451,0.275216919739696,0.215880893300248,1.33627829928216,0.240352348993289,-769.48,4436.33,-2783.1521,28.67,1390,1.06752026081085,18.4349479675293,0.5,0.5,1,64,0.360490720352312
"272",1024,1374,1725,2341,2984,2649,0.151500245941958,0.307262569832402,0.227222427148654,1.35710144927536,0.267360373752389,-753.4404,4319.5026,-2827.3944,61.33,1610,1.06752026081085,71.5650634765625,-0.5,0.5,1,64,0.400997982800722
"273",872,1128,1614,2337,3534,2838,0.182991647684131,0.329715432323969,0.274452739466026,1.44795539033457,0.372960372960373,-630.661,4277.4378,-3451.9474,0,1466,3.81407475471497,44.9999999999977,0,1.5,4,64,0.559386228998737
"274",1220,1598,2060,2789,4286,3281,0.150340276345638,0.30375,0.225487163625116,1.35388349514563,0.350772139930665,-936.642,5319.6362,-4001.374,0,1664,4.49514865875244,102.994613647461,0.375,1.875,6,2,0.526116757267785
"275",1176,1487,1723,1999,2139,1873,0.0741536808167652,0.196134167140421,0.111215580926797,1.1601857225769,0.107716209218022,-857.1054,3862.4788,-1723.147,14.66,1290,2.26363611221313,63.4349365234375,-0.5,1,3,64,0.161553398058252
"276",1393,1722,1887,2139,2312,2049,0.0625931445603577,0.20898988223586,0.0938780578666336,1.1335453100159,0.101214574898785,-1040.6232,4262.2815,-1818.2894,14.66,1511,2.78188633918762,165.963760375977,0.5,1,4,8,0.15180378616502
"277",920,1370,1764,2805,3512,2951,0.227839789888378,0.401001540832049,0.34172228909071,1.59013605442177,0.33131159969674,-503.9948,4788.2274,-3387.0402,14.67,1901,4.43181991577148,81.2538452148438,1.375,1.875,7,32,0.4969203070217
"278",1360,1781,2126,2715,3616,3114,0.121669076637058,0.279305766312595,0.182484767117629,1.27704609595484,0.259491466388018,-1069.7962,5236.5806,-3323.0499,24,1727,2.13429999351501,161.565048217773,0.625,0.875,3,4,0.389203308663474
"279",1230,1571,1901,2733,3409,2947,0.179542511868796,0.423194303153611,0.269284712482468,1.43766438716465,0.283992467043314,-787.921,4957.601,-3173.9032,25.34,1783,1.35022449493408,90,-0.25,0.5,2,32,0.425948592411261
"280",1684,2239,2753,3474,4375,3823,0.115786092821583,0.244805106614152,0.173665194700923,1.26189611333091,0.227553310886644,-1302.2336,6594.0386,-3993.1094,36,1825,1.06752026081085,161.565048217773,0.125,0.375,2,16,0.341306025110472
