"","sr_band1","sr_band2","sr_band3","sr_band4","sr_band5","sr_band7","ndvi","evi","savi","sr","ndsvi","greenness","brightness","wetness","total_shrubs","elevation","folded_aspect_ns","slope","tpi","tri","roughness","flowdir","satvi","tndvi","weights"
"1",724,938,1205,1820,2021,1729,0.203305785123967,0.424606462303231,0.304908279623203,1.5103734439834,0.252944823310601,-359.354,3106.583,-1851.4829,39.34,1648,90,5.08888754974322e-14,0,0,0,64,0.379358437935844,60.1652892561983,0.118110253119446
"2",705,993,1335,1871,2692,2594,0.167186525265128,0.291653063445424,0.250740682987681,1.40149812734082,0.336975415942389,-639.927,3499.3863,-2807.2811,1.33,1793,84.4724578857422,7.39395809173584,0.25,3,12,2,0.505400372439479,58.3593262632564,0.0472087268366141
"3",769,1093,1494,1941,2521,2221,0.130131004366812,0.217475917096429,0.195168097802358,1.29919678714859,0.255790784557908,-618.2098,3574.1109,-2418.321,2,1377,180,0.954841256141663,-0.875,0.875,2,4,0.383638401195368,56.5065502183406,0.044542954068512
"4",1182,1588,2054,2732,3486,3228,0.141663184287505,0.273740310077519,0.2124725791288,1.3300876338851,0.258483754512635,-924.0644,5068.745,-3378.9122,0,1567,112.380142211914,4.38048696517944,-0.875,1.875,6,8,0.387690641638841,57.0831592143753,0.0896092700892976
"5",591,965,1468,2289,3643,3256,0.218525419217461,0.307928887555322,0.327744510978044,1.55926430517711,0.425552729407161,-558.4184,4113.8251,-3885.6792,0.67,1820,102.011474609375,21.8228321075439,-3.375,9.375,34,1,0.638266653624181,60.926270960873,0.0214621125420412
"6",1472,1957,2408,2819,3076,3006,0.0786301894011861,0.164980732177264,0.11793400286944,1.17068106312292,0.12180889861415,-1184.1842,5388.2294,-2752.8651,40.67,1699,135,0.337614715099335,0.125,0.125,1,2,0.182696690673717,53.9315094700593,0.137861373109507
"7",954,1333,1821,2374,3298,3015,0.131823599523242,0.2249430523918,0.197711834107973,1.30367929708951,0.288532916585271,-840.1086,4468.9506,-3280.2515,0,1498,8.13010215759277,1.6876049041748,0.125,0.625,2,64,0.432757105186053,56.5911799761621,0.283442132278899
"8",793,1034,1371,1805,2480,2178,0.136649874055416,0.265638389031705,0.20494254682827,1.31655725747629,0.287977148792521,-631.7234,3400.2303,-2390.5146,6,1644,50.1944274902344,3.72386717796326,0,1.5,5,64,0.431909645592626,56.8324937027708,0.13725914527635
"9",736,1029,1418,1804,2415,2200,0.119801365611421,0.201335280617567,0.179674166020171,1.2722143864598,0.26010957474563,-637.2134,3384.251,-2364.5318,42.66,1722,63.4349365234375,4.26269292831421,1,2,6,32,0.390113473327247,55.9900682805711,0.166968714138152
"10",1796,2317,2705,3139,3913,3508,0.0742642026009582,0.183898305084746,0.111386773889982,1.16044362292052,0.182532487156241,-1484.7964,6256.916,-3451.2374,17.33,1250,161.565048217773,0.754894495010376,-0.5,0.5,2,4,0.273778046385133,53.7132101300479,0.279551159150024
"11",1595,2056,2357,2798,3679,3446,0.0855480116391853,0.221452244652004,0.128309572301426,1.18710224862113,0.219019218025182,-1382.1066,5644.8833,-3402.5703,18,1256,141.340194702148,3.05436992645264,0.75,1.25,5,8,0.328501615174356,54.2774005819593,0.33735790324629
"12",1029,1459,1940,2418,2990,2633,0.109683340982102,0.18844122053142,0.164506137432603,1.24639175257732,0.212981744421907,-825.4894,4491.4373,-2778.8793,1.33,1352,111.03751373291,6.620689868927,0.375,2.625,9,1,0.319440219044722,55.4841670491051,0.103090179856339
"13",830,1093,1430,1803,2740,2354,0.115372718836994,0.224212551094013,0.173032317921757,1.26083916083916,0.314148681055156,-745.8594,3546.0068,-2656.0171,0.67,1379,174.17366027832,11.5975980758667,2.5,5.25,16,4,0.471166526795348,55.7686359418497,0.0572736727115194
"14",781,1028,1336,1769,2566,2244,0.139452495974235,0.275550464553901,0.209145065206891,1.32410179640719,0.315222962583291,-654.155,3385.0255,-2501.7232,30.67,1350,95.9061279296875,6.9262490272522,-0.125,2.875,8,16,0.472773862908392,56.9726247987118,0.103309201970423
"15",702,1005,1335,1702,1987,1608,0.120842937108989,0.206272482014388,0.181234567901235,1.2749063670412,0.19626730885009,-484.523,3066.8304,-1747.4848,0.67,1428,98.1301040649414,1.6876049041748,-0.125,0.625,2,1,0.294356659142212,56.0421468554495,0.22240117637244
"16",651,840,954,1532,2054,1698,0.232502011263073,0.608549168245947,0.348682887593002,1.60587002096436,0.365691489361702,-379.1224,2745.6471,-1942.2428,44,1612,74.0545959472656,3.47174119949341,0.5,1.5,5,32,0.548446069469835,61.6251005631537,0.132042746610709
"17",734,932,1203,1455,1485,1428,0.0948081264108352,0.198800883559482,0.142185442918939,1.20947630922693,0.104910714285714,-521.7852,2682.1518,-1303.1775,16.66,1354,58.3924980163574,7.2492527961731,3.5,4,13,128,0.157336804909801,54.7404063205418,0.0695823400246545
"18",635,839,1017,1529,2029,1740,0.201099764336214,0.446070744032061,0.301590418221088,1.50344149459194,0.332239001969796,-414.6512,2763.0459,-1944.5786,50,1710,42.6140556335449,15.8061876296997,0.875,6.375,23,128,0.498276710979813,60.0549882168107,0.134207076039688
"19",904,1193,1518,1922,3011,2617,0.117441860465116,0.237591155022348,0.176137189362011,1.26613965744401,0.329653345109296,-838.9696,3833.2542,-2947.6698,38.66,1830,15.9453954696655,6.91817474365234,1.5,3,10,64,0.49442543327078,55.8720930232558,0.0833408878610525
"20",860,1203,1561,2022,3113,2589,0.128663131454089,0.233346831342377,0.19296776894098,1.29532351057015,0.332049636285837,-772.8352,3926.8534,-3009.2708,50.67,1837,159.623565673828,8.84250831604004,1.25,3.75,12,8,0.498021178735694,56.4331565727044,0.132023317112762
"21",921,1254,1573,2089,3216,2917,0.140906608410705,0.279190563791797,0.211331058020478,1.32803560076287,0.343077886823972,-858.8596,4096.0843,-3232.1318,37.34,1653,90,5.08888754974322e-14,0,0,0,128,0.514563106796116,57.0453304205352,0.151029209629465
"22",1085,1463,1876,2450,3538,3089,0.132686084142395,0.257653290241494,0.199006125043338,1.30597014925373,0.306981898780938,-927.3734,4708.3237,-3430.9065,25.34,1794,45,0.675206005573273,0,0.25,2,128,0.460430325976544,56.6343042071197,0.129797637128848
"23",795,1025,1313,1996,3296,2531,0.206406769416742,0.436421725239617,0.3095633781538,1.52018278750952,0.430245172488609,-582.3134,3750.6515,-3197.4803,70.66,2095,65.8544616699219,7.54314994812012,0,3.25,10,32,0.645297754637162,60.3203384708371,0.145776219307951
"24",1140,1563,1925,2606,3472,3029,0.150297947472964,0.303638309256287,0.225422045680238,1.35376623376623,0.286640726329442,-877.483,4870.7648,-3297.6031,48.67,1832,40.2363586425781,4.05866432189941,-0.375,1.625,6,64,0.42992125984252,57.5148973736482,0.217061125692534
"25",1116,1504,1870,2429,3291,2869,0.130030239590602,0.26467803030303,0.195022677055472,1.29893048128342,0.275334237550862,-900.3278,4627.1008,-3108.9487,79.33,1951,165.963760375977,1.96786379814148,0.625,0.875,3,4,0.412961348445219,56.5015119795301,0.0622714166938812
"26",1009,1383,1824,2262,3166,2806,0.1071953010279,0.194166149481337,0.160773277866145,1.24013157894737,0.268937875751503,-897.4452,4368.0165,-3048.8609,32,1976,90,0.954841256141663,0.125,0.375,2,128,0.40336639615269,55.359765051395,0.0746875090593268
"27",989,1285,1553,2090,2967,2586,0.147405984079056,0.336339721909057,0.22107863318238,1.34578235672891,0.31283185840708,-789.6978,4015.7519,-2841.1194,54.66,1830,122.799530029297,12.574686050415,-1.125,5.125,19,2,0.469195885410906,57.3702992039528,0.227110063329409
"28",1093,1470,1844,2541,3412,2861,0.158950969213227,0.322178053064621,0.238399270322654,1.37798264642082,0.298325722983257,-791.5464,4699.6583,-3205.3288,1.33,1694,16.6992435455322,4.97235822677612,0.5,2,7,64,0.447446019214306,57.9475484606613,0.292038101574358
"29",845,1224,1616,2208,3246,2801,0.154811715481172,0.265828468792097,0.232187214014904,1.36633663366337,0.335252982311806,-729.7266,4145.1317,-3207.1104,8.67,1506,135,0.337614715099335,-0.125,0.125,1,8,0.502827763496144,57.7405857740586,0.0808555170953149
"30",863,1219,1535,2201,3405,2793,0.178265524625268,0.337078651685393,0.267362505018065,1.43387622149837,0.378542510121458,-703.6902,4148.1275,-3328.4046,2.67,1439,90,0,0,0,0,64,0.567756299969639,58.9132762312634,0.114687065611727
"31",854,1229,1543,2031,2846,2460,0.136541689983212,0.249744114636643,0.204783885858162,1.31626701231367,0.296878560036455,-725.1846,3852.6616,-2733.1567,31.33,1631,90,5.08888754974322e-14,0,0,0,32,0.445267114705547,56.8270844991606,0.275667824067067
"32",820,1138,1509,2055,3065,2583,0.153198653198653,0.275201612903226,0.22976574554636,1.36182902584493,0.340183646698732,-687.0046,3877.548,-2996.4897,6,1524,78.690071105957,1.21711814403534,0.125,0.375,2,1,0.510219696141655,57.6599326599327,0.198502909067518
"33",752,1031,1235,1810,2771,2248,0.188834154351396,0.401424183189053,0.283204728287637,1.46558704453441,0.383424862705941,-576.9574,3412.5218,-2673.909,40.67,1560,168.690063476562,1.21711814403534,0.5,0.5,2,8,0.575065518532385,59.4417077175698,0.0435411077811754
"34",752,947,1183,1738,2804,2245,0.190003423485108,0.434000625586487,0.284956358035256,1.46914623837701,0.406571356909957,-573.6614,3315.766,-2724.9911,33.33,1538,116.565048217773,1.06752026081085,0.125,0.375,2,16,0.609780564263323,59.5001711742554,0.0403232055256599
"35",1444,1901,2412,2959,3827,3374,0.10184323217278,0.207134201757043,0.152750628316113,1.22678275290216,0.226799166533098,-1174.2312,5685.5124,-3533.8694,63.34,1593,161.565048217773,0.754894495010376,-0.25,0.25,1,16,0.340171488100008,55.092161608639,0.366155300674316
"36",514,666,858,1538,1949,1571,0.283806343906511,0.600282485875706,0.425620696849572,1.79254079254079,0.38867117919487,-187.7848,2550.1776,-1875.4363,41.34,1927,43.1523895263672,10.357310295105,1.5,4.5,15,128,0.582902938557435,64.1903171953255,0.18589737485488
"37",654,898,1156,1634,2354,1964,0.171326164874552,0.325968357883252,0.256943200143343,1.41349480968858,0.341310541310541,-498.8768,3030.7006,-2275.8316,21.47,1411,84.8055725097656,2.63502645492554,-0.25,1,3,1,0.51189289275032,58.5663082437276,0.0893286765822577
"38",1051,1425,1829,2346,3034,2649,0.123832335329341,0.23765744230946,0.185726260328104,1.28266812465828,0.247789430392762,-825.653,4404.8891,-2837.5717,0,1366,45,1.01275038719177,-0.375,0.375,1,128,0.371645933998149,56.1916167664671,0.125268335478263
"39",1348,1899,2344,2907,3970,3542,0.107217672824224,0.205115126785194,0.160811196800914,1.24018771331058,0.257522964840038,-1194.307,5647.2646,-3768.8283,0,1543,94.3987045288086,6.20105361938477,-0.25,2.5,9,1,0.386253860163117,55.3608836412112,0.0508424945631814
"40",669,874,1050,1795,2913,2769,0.261862917398946,0.605002436251421,0.392725355824987,1.70952380952381,0.470098410295231,-560.1838,3353.5449,-3136.4801,0,1891,110.556045532227,19.5957374572754,0.625,8.625,26,1,0.70505866027501,63.0931458699473,0.0464960256547769
"41",625,885,1086,1741,2579,2189,0.231694375663247,0.458619241002661,0.347480106100796,1.60313075506446,0.407366984993179,-442.7638,3149.7633,-2578.5756,31.33,1570,168.690063476562,3.64697051048279,1.5,2.25,5,4,0.610967125903697,61.5847187831624,0.0553893627227356
"42",670,964,1258,1914,2808,2456,0.206809583858764,0.369535826949076,0.31016548463357,1.5214626391097,0.381210034431874,-519.4236,3479.7898,-2841.1324,32,1508,149.036239624023,1.39176344871521,0.375,0.625,2,4,0.571744743637034,60.3404791929382,0.104214576397314
"43",617,881,1060,1708,2614,2160,0.234104046242775,0.47072497457504,0.35109264944916,1.61132075471698,0.422972237343495,-443.0332,3115.5601,-2597.1815,37.34,1464,45,0.337614715099335,0.125,0.125,1,128,0.634372023404545,61.7052023121387,0.122751458018316
"44",1160,1557,1998,2532,3382,3069,0.117880794701987,0.22934203745061,0.176801677519038,1.26726726726727,0.25724907063197,-975.1938,4838.2644,-3244.6213,34.66,1722,45,1.6876049041748,-0.375,0.625,3,32,0.385837747421243,55.8940397350993,0.128022356075962
"45",1116,1508,1906,2539,3359,2808,0.142407199100112,0.282286835533357,0.213586773141379,1.33210912906611,0.275973409306743,-827.1236,4725.1792,-3116.5531,4,1818,164.744888305664,2.71992325782776,0.25,1.25,4,2,0.413920805241667,57.1203599550056,0.11400942428985
"46",863,1116,1488,2332,2771,2264,0.220942408376963,0.440639031011799,0.331370239497448,1.56720430107527,0.301244423573609,-400.0494,3950.7609,-2577.5117,0.68,1697,78.6900634765625,3.64697051048279,-0.25,1.5,5,32,0.451813593144735,61.0471204188482,0.0447346130741969
"47",988,1178,1308,1908,2480,2049,0.186567164179104,0.639113762249681,0.279807243898648,1.45871559633028,0.309398099260824,-613.5854,3553.4328,-2238.049,42,1683,116.565048217773,2.13429999351501,2,2,5,2,0.46403589811271,59.3283582089552,0.153738638997663
"48",1061,1388,1931,2479,3039,2950,0.124263038548753,0.22427764590325,0.186373427049087,1.28379078197825,0.222937625754527,-848.9916,4575.4049,-2990.6907,0,1835,52.7651672363281,7.45400953292847,-2,3.25,12,1,0.334372799517151,56.2131519274376,0.116263864003041
"49",831,1064,1333,1850,2539,2200,0.162425384857053,0.35738974146274,0.243599811528192,1.38784696174044,0.31146694214876,-613.6166,3459.1885,-2431.5443,64.67,1659,144.462326049805,2.05277514457703,-1.75,1.75,3,8,0.467140090380891,58.1212692428527,0.130991963024806
"50",1774,2300,2769,3222,3768,3389,0.0756134201301953,0.173377219840784,0.113410665108904,1.16359696641387,0.152822395594309,-1407.9494,6272.9934,-3274.5454,50,1684,90,5.08888754974322e-14,0,0,0,128,0.229216061185468,53.7806710065098,0.196649336089125
"51",886,1147,1445,1855,2519,2157,0.124242424242424,0.264107188868848,0.186335403726708,1.28373702422145,0.270938446014127,-697.175,3547.5146,-2350.2054,0.67,1629,123.690063476562,6.8532247543335,0,2.75,10,8,0.406356413166856,56.2121212121212,0.120359641906055
"52",590,806,1181,1959,2456,1896,0.247770700636943,0.420904566111231,0.37159687947779,1.65876375952583,0.350563651361012,-214.4498,3219.9872,-2329.8776,4,1874,19.9830932617188,5.57096004486084,-1.625,2.625,8,64,0.525773195876289,62.3885350318471,0.123169846204371
"53",853,1089,1418,1853,2603,2133,0.132986854173036,0.274309496783958,0.199449793672627,1.30677009873061,0.294702810246207,-650.3974,3516.1637,-2425.0728,39.33,1460,37.8749847412109,2.71992325782776,-0.125,1.125,4,128,0.441999254009698,56.6493427086518,0.0399029572305487
"54",843,1083,1440,1853,2796,2265,0.125417552383845,0.247512885053338,0.188097768331562,1.28680555555556,0.320113314447592,-694.3368,3583.9953,-2645.3075,0,1379,174.17366027832,11.5975980758667,2.5,5.25,16,4,0.480113301074,56.2708776191922,0.0572735381708888
"55",993,1326,1780,2264,2775,2352,0.119683481701286,0.220100045475216,0.179503028804549,1.27191011235955,0.218441273326015,-721.5902,4162.0531,-2526.3003,1.34,1396,90,0,0,0,0,128,0.327625946657886,55.9841740850643,0.0277816682784667
"56",724,963,1156,1755,2117,1833,0.205771212641704,0.45907418761496,0.3086038124678,1.5181660899654,0.293614421020471,-420.8438,3090.6484,-1984.2054,34,1659,45,4.04469108581543,0.25,1.5,6,1,0.440354360775928,60.2885606320852,0.156629013995015
"57",770,933,1250,1681,2132,1783,0.14704878880928,0.316260639859114,0.220535561998977,1.3448,0.260792430514488,-507.182,3075.7112,-1959.2023,18.67,1714,111.801406860352,2.56950283050537,1.625,1.625,4,8,0.391130820399113,57.352439440464,0.092755412419101
"58",903,1249,1637,1992,2349,2049,0.0978230917608156,0.176003966286564,0.146714423474308,1.21686010995724,0.178625188158555,-698.5316,3708.3749,-2109.2532,12,1562,167.275650024414,7.54314994812012,0.875,3.125,9,4,0.267904176596012,54.8911545880408,0.12682415701681
"59",751,937,1253,1959,2991,2463,0.219800747198007,0.458978026264465,0.329649805447471,1.5634477254589,0.40951932139491,-509.5858,3570.2555,-2966.5358,10.66,1719,153.434951782227,1.06752026081085,-0.5,0.5,1,4,0.614206620332195,60.9900373599004,0.127405828126023
"60",1187,1595,1927,2267,2735,2551,0.0810681926561755,0.172501268391679,0.121587793539158,1.17644006227296,0.173316173316173,-998.0498,4420.0783,-2480.6592,29.34,1445,26.5650520324707,1.06752026081085,0.5,0.5,1,64,0.259946380697051,54.0534096328088,0.148575242964647
"61",852,1150,1426,1863,2638,2300,0.132867132867133,0.271091811414392,0.199270405836753,1.30645161290323,0.298228346456693,-713.1282,3584.7802,-2527.5596,32.66,1480,48.366455078125,5.73025560379028,0,2.25,9,32,0.447287489236068,56.6433566433566,0.177311263001746
"62",1028,1364,1666,2041,2622,2353,0.10115996762881,0.216612754158965,0.151719487525287,1.22509003601441,0.22294776119403,-846.7252,3954.9466,-2417.9738,24.67,1459,53.9726257324219,6.46662521362305,-2.5,3.25,9,32,0.33438265127667,55.0579983814405,0.230088381029793
"63",1140,1461,1836,2296,3416,2828,0.111326234269119,0.241444467772412,0.166969147005445,1.25054466230937,0.300837776085301,-962.5136,4534.6776,-3196.9975,41.34,1829,135,0.675206005573273,0,0.25,2,2,0.45121370775821,55.566311713456,0.123641183976226
"64",1150,1619,1967,2469,3497,2914,0.113165013525699,0.222241898353108,0.169728389496225,1.25521098118963,0.280014641288433,-985.6028,4804.8926,-3245.196,24,1824,88.0250625610352,6.89389324188232,0,2.75,9,1,0.419983530057645,55.6582506762849,0.18214397341555
"65",885,1167,1639,2418,2706,2049,0.192013803302933,0.346807942302555,0.287985212569316,1.47528981086028,0.245569620253165,-376.2506,4048.5373,-2375.7607,2.67,1666,94.864501953125,21.4589233398438,-3.375,10.375,28,16,0.368312046945116,59.6006901651467,0.149306224537119
"66",721,985,1248,1991,2886,2304,0.229391787588762,0.456108041743401,0.344034573236611,1.59535256410256,0.39622641509434,-447.6378,3549.5979,-2796.7271,46,1952,125.53768157959,14.08482837677,-1.5,5.75,21,1,0.594267747006893,61.4695893794381,0.0822453087237026
"67",982,1291,1764,2448,3327,2600,0.162393162393162,0.301693719124912,0.243560830860534,1.38775510204082,0.307012374779022,-648.6262,4431.93,-3080.8368,0,1948,117.645980834961,16.5062274932861,-1.125,6.875,24,8,0.460473337916135,58.1196581196581,0.163121010780223
"68",1195,1594,1949,2393,3484,3129,0.102257024412713,0.216564237635353,0.153367875647668,1.22780913288866,0.282532670715995,-1092.762,4782.3605,-3351.3082,24.67,1352,90,0,0,0,0,64,0.423760007361737,55.1128512206356,0.263181807395298
"69",1580,2169,2732,3119,3851,3597,0.0661425397367971,0.126272513703994,0.0992053319661625,1.14165446559297,0.169983290293179,-1408.2546,6117.8528,-3539.111,22,1845,111.801406860352,2.56950283050537,0.375,1.125,4,128,0.254955570745044,53.3071269868399,0.989731599100657
"70",582,830,1155,1616,2176,1745,0.166365932876218,0.275585844093735,0.249503878766011,1.3991341991342,0.306514560192134,-400.8794,2889.4794,-2056.7776,3.33,1586,159.227752685547,7.36374044418335,0.75,3,9,4,0.459702836560108,58.3182966438109,0.105138121527412
"71",1006,1361,1818,2366,3089,2541,0.130975143403442,0.239092495636998,0.196439240052575,1.3014301430143,0.259017729773793,-741.9068,4368.4176,-2846.5668,0,1486,102.264770507812,16.3946762084961,1.25,7.25,22,16,0.388487009679063,56.5487571701721,0.0427342190776147
"72",1240,1679,2208,2681,3611,3362,0.0967478011863367,0.178355957767722,0.145106861642295,1.21422101449275,0.241106719367589,-1119.666,5200.1004,-3500.8452,0,1308,78.690071105957,3.64697051048279,-0.25,1.5,4,1,0.361629005928344,54.8373900593168,0.060494106480391
"73",1208,1539,2001,2688,3640,3014,0.146513115802943,0.304791481810115,0.219746241603582,1.34332833583208,0.290551320687821,-869.3416,5008.2492,-3392.5531,1.33,1792,168.690063476562,17.6764945983887,-1.25,8.5,34,2,0.435788354161127,57.3256557901472,0.0744566436733287
"74",1122,1625,2205,2781,3822,3379,0.115523465703971,0.189548505989206,0.173267823122431,1.26122448979592,0.268292682926829,-999.6196,5256.0684,-3707.2427,0,1418,106.699241638184,9.87092685699463,1.125,4.125,13,2,0.402405640812941,55.7761732851986,0.0632139185932147
"75",1301,1648,2036,2403,3588,3429,0.0826762784410903,0.188688946015424,0.124000450501183,1.18025540275049,0.275960170697013,-1261.434,4954.1411,-3544.1806,0,1288,135,1.01275038719177,-0.375,0.375,1,1,0.413903458085163,54.1338139220545,0.144669354509285
"76",1523,1997,2379,2855,3436,3142,0.0909438288116163,0.208497590889181,0.136402712771038,1.20008406893653,0.18177128116939,-1221.6046,5540.0361,-3079.1531,6,1270,90,0.954841256141663,-0.375,0.375,1,64,0.272633479494454,54.5471914405808,0.151103289026492
"77",1086,1461,1768,2159,3070,2678,0.0995670995670996,0.211442786069652,0.1493316359007,1.22115384615385,0.269119470855726,-961.0862,4290.4312,-2881.6785,22.67,1433,18.4349365234375,5.26965808868408,-0.875,2.125,7,64,0.403637490957941,54.978354978355,0.151943400212708
"78",976,1410,1824,2353,3335,2841,0.126645918123055,0.221227835396454,0.189946140035907,1.29002192982456,0.292886218259353,-845.883,4474.5996,-3193.5645,60,2067,116.565048217773,1.06752026081085,-0.125,0.375,2,8,0.439286752592305,56.3322959061527,0.515251873494262
"79",752,1058,1558,2009,2542,2265,0.126436781609195,0.19718433018538,0.189628591450596,1.28947368421053,0.24,-593.9908,3638.3326,-2459.6196,28,1498,116.565048217773,5.32285261154175,-0.875,2.375,8,2,0.359956102914279,56.3218390804598,0.143072911752846
"80",515,726,884,2031,1822,1311,0.393481989708405,0.825536202677415,0.590121762990911,2.29751131221719,0.346637102734664,193.6484,2857.4117,-1590.603,66.66,1390,23.1985912322998,1.8175220489502,-1.125,1.375,4,128,0.519859597265842,69.6740994854202,0.053583961431409
"81",702,886,1238,1837,2305,1868,0.19479674796748,0.374281429642589,0.292147618273451,1.48384491114701,0.301157211402766,-380.1908,3189.9266,-2155.7791,56,1341,57.99462890625,4.49514865875244,-0.125,1.875,6,32,0.451672075631438,59.739837398374,0.103710935312145
"82",495,741,1092,2167,2459,1785,0.329855783982817,0.536694957563655,0.494707777266452,1.98443223443223,0.38496198254013,54.9158000000002,3253.4571,-2305.8196,0.67,1332,135,0.675206005573273,0,0.25,2,2,0.577361678164156,66.4927891991408,0.0595265496677706
"83",555,838,934,2631,2541,1780,0.47601683029453,1.04148766417086,0.713925115692049,2.8169164882227,0.462446043165468,395.0128,3592.8379,-2313.3521,4,1900,20.5560455322266,8.10443592071533,1.25,3.5,11,128,0.693569270608546,73.8008415147265,0.087446630109065
"84",613,820,1150,1900,2278,1688,0.245901639344262,0.446056857380754,0.36879200131126,1.65217391304348,0.329054842473746,-195.0668,3106.6489,-2079.7148,49.33,1333,74.7448806762695,2.71992325782776,-0.375,1.125,3,1,0.493510281464197,62.2950819672131,0.0562626375818643
"85",867,1193,1485,2091,2535,2100,0.169463087248322,0.336704078230915,0.254159094086397,1.40808080808081,0.261194029850746,-546.3464,3733.5939,-2307.6554,28.67,1279,135,0.675206005573273,0,0.25,2,2,0.39174232060689,58.4731543624161,0.16351833062389
"86",685,990,1172,2271,2414,1835,0.319198373511473,0.659426377055082,0.478728038333091,1.9377133105802,0.346346904629113,-72.9284000000001,3521.3903,-2180.9938,22,2272,145.954055786133,20.4111671447754,3.25,9.5,26,1,0.519447929736512,65.9599186755736,0.149976738448405
"87",720,981,1218,2106,2175,1700,0.267148014440433,0.552926525529265,0.400661753647165,1.72906403940887,0.282051282051282,-176.0506,3357.117,-1925.223,33.33,2602,113.428695678711,15.2410268783569,-2.625,6.375,20,1,0.423014586709887,63.3574007220217,0.215937913506564
"88",698,934,1173,1733,2493,2024,0.192704748795595,0.395815662991235,0.289007397213143,1.47740835464621,0.360065466448445,-484.2744,3177.6198,-2386.8721,89.33,2655,110.095230102539,10.3097906112671,-2,4.75,17,8,0.540024546570299,59.6352374397798,0.183748216525813
"89",737,1073,1498,2304,2754,1995,0.211993687532877,0.349492671927847,0.317948717948718,1.53805073431242,0.295390404515522,-295.5782,3826.3933,-2462.8099,0,1616,74.744873046875,5.42764282226562,1.25,2.25,7,16,0.443033509700176,60.5996843766439,0.10972150954282
"90",759,1056,1428,2251,2802,2131,0.223702092960043,0.401267674305217,0.335507541785569,1.57633053221289,0.324822695035461,-338.8676,3795.9057,-2580.5272,0,1658,175.601287841797,3.10963296890259,0.375,1.125,4,4,0.487176456683607,61.1851046480022,0.13429575894401
"91",686,947,1194,1923,2649,2135,0.233878729547642,0.462211514075577,0.350761828388132,1.6105527638191,0.378610460577674,-395.0506,3372.4398,-2551.6506,54.66,1841,29.0546035766602,2.4563946723938,-0.75,1,4,128,0.567841810849486,61.6939364773821,0.297256133500067
"92",583,857,1028,2045,2332,1895,0.330946957370648,0.661850839515814,0.496339677891654,1.98929961089494,0.388095238095238,-97.3052,3209.4221,-2234.1845,60,1855,71.5650482177734,2.26363611221313,-0.75,1,3,128,0.58205624163071,66.5473478685324,0.300079750615267
"93",1044,1428,1767,2391,3021,2640,0.15007215007215,0.302091402013943,0.225081159071781,1.35314091680815,0.261904761904762,-762.0996,4406.322,-2826.7899,40,1518,149.036239624023,1.39176344871521,-0.375,0.625,2,2,0.39281612195886,57.5036075036075,0.093049972689727
"94",892,1272,1641,2670,3218,2576,0.238691718858733,0.441479320405011,0.357996057056709,1.62705667276051,0.324552377032311,-392.1628,4470.2124,-3009.278,2,1605,51.8427734375,8.43945026397705,-2,3.5,13,32,0.486778475151765,61.9345859429367,0.109636425674557
"95",859,1185,1503,2804,3010,2404,0.302066403529139,0.60449772325992,0.453047011027278,1.86560212907518,0.333924218923111,-143.808,4388.3739,-2789.2021,1.34,1706,0,2.86240530014038,0.625,1.375,3,64,0.500830840810901,65.1033201764569,0.179829961110128
"96",1087,1534,1955,2530,3228,2816,0.128205128205128,0.235327821887534,0.192286255712853,1.29411764705882,0.245610650202585,-854.168,4709.3699,-3019.0254,35.33,1903,33.6900634765625,1.72100615501404,0.75,0.75,3,32,0.368380437928041,56.4102564102564,0.093932307987232
"97",999,1292,1574,2256,2951,2509,0.178067885117493,0.405132470001188,0.267066962537528,1.43329097839898,0.304309392265193,-668.8164,4129.9805,-2770.4665,82.66,1962,153.434951782227,1.06752026081085,-0.125,0.375,2,2,0.456413655949619,58.9033942558747,0.15172875206137
"98",579,800,849,1767,2212,1712,0.350917431192661,0.910895018852947,0.5262755589528,2.08127208480565,0.445279320483502,-136.8362,2865.1821,-2092.1024,120.67,2648,123.690063476562,5.15065240859985,-1.125,2.125,8,16,0.66780989710926,67.545871559633,0.174221576923574
"99",1043,1361,1701,2462,2844,2465,0.18280086476099,0.392551325698958,0.274168367959649,1.44738389182834,0.251485148514851,-608.1838,4334.6535,-2613.5279,36,2008,138.814071655273,5.06230688095093,0,2,7,2,0.377186228137719,59.1400432380495,0.114847310397834
"100",1004,1351,1747,2579,2738,2411,0.192325473878872,0.375994215473608,0.288454871142956,1.47624499141385,0.220958751393534,-514.2864,4383.4042,-2504.0129,14.66,1893,90,3.33847045898438,-0.25,1.25,4,16,0.331401181585108,59.6162736939436,0.118093791890994
"101",1070,1479,1884,2543,2886,2411,0.148859272645132,0.282929761291431,0.22326369282891,1.34978768577495,0.210062893081761,-672.7964,4519.9884,-2561.8611,8.67,1711,47.1610717773438,17.3554744720459,6.5,8.25,28,32,0.315061314327639,57.4429636322566,0.120295453907809
"102",906,1257,1638,2292,2608,2268,0.166412213740458,0.306984603830267,0.249586566594581,1.3992673992674,0.228450306170513,-557.7104,4016.151,-2402.5683,60,2022,150.945388793945,2.4563946723938,0,1,4,2,0.342635111268103,58.3206106870229,0.181977492242326
"103",1617,2058,2515,3234,3633,2867,0.125065228735432,0.290036304961678,0.187581528828594,1.28588469184891,0.181847755367599,-1005.0492,5915.9887,-3006.0739,12.67,1535,135,1.35022449493408,0.25,0.5,2,16,0.272749451085631,56.2532614367716,0.482311578908063
"104",1770,2492,3221,3771,4501,4071,0.0786613272311213,0.139977603583427,0.117983553807651,1.1707544240919,0.165760165760166,-1495.259,7183.1366,-4083.2863,18,1399,90,5.08888754974322e-14,0,0,0,128,0.248624150210424,53.9330663615561,0.441492410119097
"105",1675,2384,3145,3837,4169,3898,0.099112002291607,0.170518949287862,0.148657357679914,1.22003179650238,0.140005468963631,-1291.0812,7019.2087,-3787.5689,8,1397,90,0,0,0,0,8,0.209993847836489,54.9556001145803,0.452884452257165
"106",805,1232,1820,2577,3477,2321,0.17216283829884,0.253669325112258,0.258214894826606,1.41593406593407,0.312818576552766,-434.433,4446.9509,-3090.4107,0,1590,132.838912963867,17.3554744720459,2.75,7.5,22,4,0.469183577159037,58.608141914942,0.067860307204627
"107",714,1037,1461,2295,3103,2118,0.222044728434505,0.365340809532154,0.333022760548383,1.57084188911704,0.35977212971078,-305.3356,3882.6018,-2813.0984,10.67,1441,61.6992492675781,3.52040505409241,0.75,1.5,5,32,0.539599079855406,61.1022364217252,0.0567281263769797
"108",733,994,1311,1875,2772,2159,0.177024482109228,0.33219460478266,0.26549505727287,1.43020594965675,0.357825128581925,-523.4548,3452.0331,-2628.3282,0,1283,63.4349365234375,1.06752026081085,-0.5,0.5,1,32,0.536671972572548,58.8512241054614,0.0726652241164054
"109",818,1153,1410,2061,2766,2240,0.187554019014693,0.370982448142238,0.281290508425753,1.46170212765957,0.324712643678161,-544.923,3725.2296,-2589.6617,46.66,1401,52.1250305175781,2.71992325782776,-0.125,1.125,4,32,0.487010654854543,59.3777009507347,0.0404267669982835
"110",835,1124,1447,2167,2832,2196,0.199225235196458,0.392370572207084,0.29879651404067,1.49758120248791,0.323673755550362,-473.373,3816.1141,-2607.6708,42.67,1514,100.007965087891,4.11407518386841,1.625,2.125,6,8,0.485453908166842,59.9612617598229,0.0486836277643838
"111",701,933,1245,1918,2654,1993,0.212772684160607,0.40723708096333,0.319108582266477,1.54056224899598,0.361374711464478,-384.5986,3367.1277,-2473.6193,53.34,1342,113.198593139648,1.8175220489502,-0.25,0.75,2,16,0.541992563149122,60.6386342080304,0.0362177447725272
"112",789,1118,1557,2297,2868,2099,0.192008303061754,0.323285277413718,0.28797509404592,1.47527296082209,0.296271186440678,-390.7824,3923.6007,-2577.5218,26.66,1325,116.565048217773,1.06752026081085,0.5,0.5,1,4,0.44435656987911,59.6004151530877,0.03671947640163
"113",784,1098,1491,2126,2828,2192,0.175559856234448,0.305699980743308,0.263303386316517,1.42588866532529,0.309562398703404,-494.5624,3774.69,-2620.0384,44.67,1332,123.690063476562,1.72100615501404,0.5,0.75,3,8,0.464289848362079,58.7779928117224,0.0361583062170078
"114",869,1188,1438,2226,2774,2398,0.215065502183406,0.454178674351585,0.322554236594351,1.54798331015299,0.317188983855651,-513.9468,3910.2085,-2646.5924,14.66,1606,135,1.35022449493408,0.25,0.5,2,16,0.475727002967359,60.7532751091703,0.27732755724638
"115",1074,1474,1763,2635,3284,2721,0.198271941791723,0.422562512114751,0.297374104808457,1.49461145774248,0.301367148801268,-644.3088,4676.7344,-3037.7128,75.34,2044,135,2.36199140548706,-0.125,0.875,3,1,0.452005943536404,59.9135970895862,0.276416555022634
"116",766,1017,1226,1833,1981,1717,0.198430859758091,0.440493468795356,0.297597646674293,1.49510603588907,0.235422513252261,-397.7842,3159.113,-1783.7608,100,1937,90,0,0,0,0,128,0.353078721745908,59.9215429879045,0.204560995969348
"117",742,960,1124,1765,1977,1750,0.221876081689166,0.544142614601019,0.332756532272019,1.5702846975089,0.2750725572396,-379.0376,3045.089,-1830.9017,40.67,2113,15.255126953125,2.71992325782776,-0.375,1.125,3,64,0.412542318233113,61.0938040844583,0.232846610587681
"118",1083,1514,1972,2415,3366,2828,0.100980168680191,0.180801567219003,0.151452991452991,1.22464503042596,0.261146496815287,-940.0922,4659.9913,-3142.0734,2,1288,90,5.08888754974322e-14,0,0,0,32,0.391683057038494,55.0490084340096,0.0829214110193341
"119",935,1247,1602,1930,2847,2343,0.0928652321630804,0.180995475113122,0.13927813163482,1.20474406991261,0.279838165879973,-825.1404,3822.8877,-2646.9178,27.33,1330,146.309936523438,1.72100615501404,0.125,0.625,2,16,0.419710079784245,54.643261608154,0.0756826630329154
"120",954,1266,1636,2002,2925,2322,0.100604727872457,0.196183533447684,0.150886354266868,1.22371638141809,0.282613461960096,-799.9274,3915.1084,-2678.1803,0,1337,140.710586547852,3.38906717300415,-0.75,1.5,5,8,0.423873725748109,55.0302363936229,0.0846416125041358
"121",896,1251,1596,2235,2830,2401,0.166797180892717,0.31372741555381,0.250163121492888,1.40037593984962,0.278807049254406,-613.1624,4026.0798,-2655.1315,25.34,1830,88.0250549316406,6.89389324188232,0.625,2.875,8,16,0.418163334462894,58.3398590446359,0.101136391146797
"122",978,1362,1636,2243,2972,2497,0.156483629801495,0.321164021164021,0.234695192679469,1.37102689486553,0.289930555555556,-721.2572,4168.3408,-2765.661,13.34,1829,101.309936523438,4.85753345489502,0.5,2,7,16,0.434848649235109,57.8241814900748,0.103639649779136
"123",936,1262,1513,1971,2785,2371,0.131458094144661,0.284119106699752,0.197158846319415,1.30270984798414,0.295951605397859,-767.5454,3813.3124,-2616.7821,21.33,1859,78.690071105957,2.43313884735107,-0.125,1.125,3,1,0.443875770617657,56.5729047072331,0.0952167571500022
"124",1013,1303,1579,2385,3384,2830,0.203329969727548,0.472727272727273,0.304956488838441,1.51044965167828,0.36369131573645,-684.7146,4381.3639,-3258.8001,2.66,1925,45,1.35022449493408,-0.25,0.5,2,32,0.545482018736778,60.1664984863774,0.0896154572206885
"125",754,1060,1373,2008,2697,2244,0.187814256137238,0.345709930313589,0.281679727931391,1.46249089584851,0.325307125307125,-510.007,3599,-2582.7975,0,1891,33.6900672912598,1.72100615501404,-0.25,0.75,3,32,0.487900749293699,59.3907128068619,0.0881101204532634
"126",583,817,943,2144,2398,1842,0.389050858438614,0.875236845940825,0.583481781376518,2.27359490986214,0.435498353786292,36.9019999999998,3235.9423,-2265.9201,2,2303,111.929580688477,19.0783748626709,-3.5,8.5,27,16,0.653149783031573,69.4525429219307,0.0922070934935109
"127",812,1104,1384,2074,2847,2325,0.199537304800463,0.402191653065983,0.299262686135608,1.4985549132948,0.345781139210589,-528.9648,3734.6182,-2710.8759,4,1881,30.06858253479,5.22670364379883,0.375,2.125,7,64,0.518610421836228,59.9768652400231,0.0970004790181974
"128",928,1202,1470,2144,3101,2655,0.186496956281129,0.420724094881398,0.279706736754738,1.45850340136054,0.356814701378254,-685.8428,4007.9202,-3018.4575,40,1876,74.0545959472656,3.47174119949341,-0.125,1.375,5,32,0.535163513070108,59.3248478140564,0.0814152946988938
"129",883,1249,1484,2077,3023,2263,0.166526256669475,0.340061933707994,0.249754317001264,1.39959568733154,0.341468826270246,-635.5186,3888.9635,-2752.5948,51.33,2002,153.434951782227,1.06752026081085,0.375,0.375,2,2,0.512146422628952,58.3263128334738,0.113719585836354
"130",715,959,1118,1836,2460,1962,0.243060257278267,0.564021995286724,0.364528685056693,1.64221824686941,0.375069871436557,-384.9068,3226.4423,-2316.8103,76.66,1982,149.036239624023,5.55071830749512,-1,2.5,8,8,0.562526198127707,62.1530128639133,0.119318439470164
"131",633,829,957,1835,2380,1845,0.314469914040115,0.775481363716658,0.471620411817368,1.91745036572623,0.42643092598142,-206.052,3045.0939,-2257.0791,90,2151,165.963760375977,13.5236024856567,3.5,6.25,20,4,0.639550561797753,65.7234957020057,0.144517329982504
"132",870,1144,1386,2073,2845,2258,0.198612315698179,0.444372574385511,0.297875415522474,1.495670995671,0.344835736232569,-546.4744,3760.0938,-2649.3361,70,2003,80.5376892089844,2.90182161331177,0.375,1.375,5,32,0.51719248493442,59.9306157849089,0.117033948818096
"133",1063,1462,1839,2413,3611,2890,0.134995296331138,0.262076522691992,0.202469135802469,1.3121261555193,0.325137614678899,-878.0088,4644.8007,-3391.2217,1.33,1790,110.22486114502,4.82254219055176,0,2,6,1,0.487661682414457,56.7497648165569,0.185436235509813
"134",1208,1583,1913,2295,3164,2763,0.0907794676806084,0.202588035638524,0.136153023642628,1.1996863565081,0.246405357494583,-1041.074,4568.7338,-2918.6831,0.67,1881,90,5.08888754974322e-14,0,0,0,128,0.369571639586411,54.5389733840304,0.0881399564339554
"135",1103,1533,2009,2565,3610,3171,0.121556624398776,0.218983851910201,0.182315007104602,1.27675460428074,0.284926143441894,-961.9948,4904.1161,-3490.4433,0,1982,135,0.675206005573273,0,0.25,2,2,0.427351187828099,56.0778312199388,0.0862961778836684
"136",932,1325,1694,2062,3062,2787,0.0979765708200213,0.175673095283559,0.146945294822308,1.2172373081464,0.287636669470143,-923.7194,4100.6804,-3017.0781,46.66,1922,153.434951782227,1.06752026081085,-0.125,0.375,2,2,0.431409649952696,54.8988285410011,0.0991679291387851
"137",1320,1756,2143,2665,3611,3125,0.108569051580699,0.232041251778094,0.162836643443901,1.24358376108259,0.255126868265554,-1092.9074,5184.826,-3342.7245,34,1559,63.4349479675293,1.06752026081085,0.5,0.5,1,64,0.382657051003562,55.4284525790349,0.164182586222856
"138",1169,1588,2000,2510,3266,2906,0.113082039911308,0.221990075737791,0.169604256734287,1.255,0.240410178503608,-959.75,4786.7057,-3060.558,56,1961,113.198593139648,1.8175220489502,-0.25,0.75,2,1,0.360581031045286,55.6541019955654,0.161927619267045
"139",1190,1552,1907,2380,3018,2740,0.110333566596688,0.241425071457738,0.165481049562682,1.24803356056633,0.225583756345178,-952.5416,4569.833,-2801.2508,42,1762,113.962493896484,4.69196701049805,-0.375,1.875,6,16,0.338341285148716,55.5166783298344,0.152723173226964
"140",1105,1414,1806,2174,2694,2372,0.0924623115577889,0.194770826717476,0.138676045722899,1.20376522702104,0.197333333333333,-868.0696,4169.0217,-2430.5258,59.33,1905,78.6900634765625,2.43313884735107,0.75,1,3,16,0.295967114765026,54.6231155778895,0.242572055387383
"141",903,1214,1468,2101,2460,1914,0.177360605211544,0.382477341389728,0.266003641966662,1.43119891008174,0.252545824847251,-500.383,3708.2533,-2137.1896,42.66,1700,43.4088592529297,11.9812116622925,-0.625,5.125,18,64,0.37877052310042,58.8680302605772,0.0860330694361373
"142",740,1017,1323,2034,2653,1851,0.211796246648794,0.401876554374859,0.317647058823529,1.53741496598639,0.334507042253521,-344.7708,3502.7454,-2353.2886,0,1564,111.801406860352,12.6466693878174,-0.375,5.375,18,16,0.50169747265183,60.5898123324397,0.0478292249736494
"143",1021,1409,1812,2258,2755,2552,0.10958230958231,0.20370877866082,0.164353273553618,1.24613686534216,0.206481278738778,-831.2434,4240.6527,-2591.1096,52.67,1807,144.462326049805,4.10029363632202,-1,1.75,6,8,0.309688013136289,55.4791154791155,0.117625854128743
"144",1051,1393,1718,2125,3134,2823,0.105906843611762,0.223552674942327,0.158839599323533,1.23690337601863,0.291838417147568,-965.8712,4245.5261,-3039.2403,88,1901,180,0.954841256141663,0.375,0.375,1,4,0.437712519319938,55.2953421805881,0.0669015226727976
"145",798,1033,1356,2113,2832,2509,0.218218506774287,0.443728018757327,0.327280587980977,1.55825958702065,0.35243553008596,-507.2256,3743.6052,-2817.4835,0,1692,99.1623458862305,7.45400953292847,2,3.5,11,2,0.52859018741793,60.9109253387143,0.158038217457678
"146",1266,1845,2430,3454,4447,3702,0.174031271244052,0.299765807962529,0.261024725975019,1.42139917695473,0.293296495564927,-859.5134,6145.8084,-4208.1874,24,1694,132.95458984375,9.37478256225586,1,4,13,1,0.439912758996728,58.7015635622026,0.17571706035961
"147",872,1134,1460,1900,2267,2040,0.130952380952381,0.266925503518563,0.196399345335516,1.3013698630137,0.216528038636973,-626.5038,3498.2882,-2097.0337,23.34,1613,180,0.954841256141663,0.125,0.375,2,4,0.324748490945674,56.547619047619,0.0620943941364069
"148",719,1004,1277,2291,2294,1787,0.284192825112108,0.555738243998685,0.426229508196721,1.79404855129209,0.284794175301036,-107.6376,3558.8897,-2040.6226,0,2316,98.4711303710938,11.1993427276611,-1.375,4.625,13,16,0.427131457370853,64.2096412556054,0.145854645340448
"149",1038,1420,1781,2365,3295,2788,0.140858658948384,0.277197645718625,0.211262510551067,1.32790567097136,0.298266351457841,-827.3028,4474.619,-3119.2645,2.67,781,71.5650482177734,3.76924395561218,-0.5,1.5,6,1,0.447355461439968,57.0429329474192,0.589328266109131
"150",735,997,1225,1886,2667,2219,0.2124718739955,0.443683715935025,0.318656596496866,1.53959183673469,0.370503597122302,-491.5816,3413.5981,-2586.6262,34.66,1622,165.963760375977,1.96786379814148,0,0.75,3,8,0.555684007707129,60.623593699775,0.372886950250215
"151",881,1323,1722,2446,3173,2566,0.173704414587332,0.293283642550433,0.260525368837711,1.42044134727062,0.296424923391216,-595.7818,4350.2535,-2968.7228,36,1797,67.619873046875,8.71035480499268,-1.125,3.375,13,16,0.444591972219385,58.6852207293666,0.0849258137264633
"152",860,1158,1478,2391,3231,2731,0.235978288963556,0.474532224532225,0.353921695309471,1.61772665764547,0.372265873858569,-502.2286,4183.2596,-3168.9165,0,1848,60.2551193237305,3.84366822242737,0,1.75,6,128,0.558339526489012,61.7989144481778,0.162123248119284
"153",1310,1584,1989,2581,3630,2875,0.129540481400438,0.315497761671285,0.194289465047588,1.29763700351936,0.292044847837694,-951.6684,4958.754,-3281.7416,0,1770,98.1301040649414,1.6876049041748,-0.125,0.625,2,1,0.438028294332236,56.4770240700219,0.178219309960347
"154",998,1350,1700,2664,3552,3078,0.22089825847846,0.447955390334572,0.331309428342307,1.56705882352941,0.352627570449353,-626.4212,4714.2662,-3484.959,2.66,1704,18.4349365234375,0.754894495010376,0.25,0.25,1,64,0.528891004283674,61.044912923923,0.202280716528637
"155",734,1053,1177,2255,2487,1863,0.314102564102564,0.706792551796486,0.471085214857975,1.91588785046729,0.357532751091703,-134.1954,3575.8258,-2226.0028,6.67,1930,42.2297973632812,20.090799331665,-0.625,7.875,30,32,0.536225951698731,65.7051282051282,0.199235062303127
"156",1303,1753,2090,2745,3441,3051,0.135470527404343,0.296998276956561,0.203184779236894,1.3133971291866,0.244259627553788,-982.7086,5161.9451,-3177.9266,49.34,1713,18.4349365234375,0.754894495010376,0.25,0.25,1,64,0.366356322878062,56.7735263702172,0.398539653780519
"157",846,1112,1435,2006,2599,2179,0.165940133682069,0.334152621722846,0.248874037483655,1.39790940766551,0.28854734754586,-569.3744,3642.4504,-2432.1089,40,1779,153.434951782227,3.19960141181946,0.5,1.25,5,8,0.432767381335977,58.2970066841035,0.413163417117844
"158",641,1017,1337,2076,2625,1988,0.216525051274539,0.349144854956062,0.324740002929544,1.55272999252057,0.325088339222615,-324.1398,3517.6787,-2427.6888,16.67,1726,120.963760375977,5.55071830749512,-1.125,2.375,9,8,0.487570977917981,60.8262525637269,0.12106542713239
"159",829,1185,1431,2185,3035,2516,0.208517699115044,0.413876385991876,0.31273330568229,1.52690426275332,0.359158083296014,-562.2292,3941.9769,-2923.7718,1.33,1645,59.0362548828125,1.39176344871521,-0.625,0.625,2,8,0.538676816299116,60.4258849557522,0.10181994766336
"160",850,1189,1490,1997,3008,2641,0.145397189561227,0.277777777777778,0.218064516129032,1.34026845637584,0.337483325922632,-760.732,3856.8944,-2971.0219,49.34,1811,90,5.08888754974322e-14,0,0,0,128,0.506168722907636,57.2698594780614,0.204413894750261
"161",1304,1743,2248,2785,3743,3338,0.106695807669382,0.206729288574068,0.160027813648555,1.23887900355872,0.249540978133867,-1106.4092,5362.7188,-3547.5816,55.33,1873,45,2.02486824989319,-0.375,0.875,3,64,0.374280230326296,55.3347903834691,0.154616549919367
"162",1531,2077,2650,3238,3231,2902,0.0998641304347826,0.191993730816953,0.149783476267301,1.22188679245283,0.098792722326135,-1041.2206,5862.0901,-2723.9984,10,1688,90,0.954841256141663,-0.375,0.375,1,4,0.148176485590411,54.9932065217391,0.746186093814611
"163",912,1180,1405,1669,1714,1578,0.0858815875081327,0.202453987730061,0.128801431127013,1.18790035587189,0.0990702148124399,-657.1502,3148.2658,-1426.1184,19.33,1501,108.434951782227,0.754894495010376,1.125,1.125,3,8,0.148581503446065,54.2940793754066,0.247139099208531
"164",715,982,1373,2194,2758,2307,0.230165405102327,0.404792426782369,0.345199719691661,1.59796067006555,0.335269910433309,-357.7998,3707.6975,-2678.0184,4,1794,120.677276611328,15.9517660140991,2.5,7.5,22,16,0.5028440033886,61.5082702551164,0.0873189254425455
"165",841,1190,1528,2254,3088,2579,0.191961924907456,0.354804026976835,0.287904824851289,1.47513089005236,0.337954939341421,-581.9934,4056.3409,-2980.4196,1.34,1842,169.824493408203,9.37478256225586,-3.75,5,16,2,0.506877504603054,59.5980962453728,0.0459551681846995
"166",1104,1514,1955,2629,3598,2928,0.147033158813264,0.277138157894737,0.220525684371251,1.34475703324808,0.295876103007383,-822.2114,4878.9002,-3354.9674,0,1419,119.054611206055,2.4563946723938,-0.125,1.125,3,16,0.443774196452687,57.3516579406632,0.195872206216326
"167",872,1128,1614,2337,3534,2838,0.182991647684131,0.329715432323969,0.274452739466026,1.44795539033457,0.372960372960373,-630.661,4277.4378,-3451.9474,0,1466,2.30215846386272e-12,3.81407475471497,0,1.5,4,64,0.559386228998737,59.1495823842065,0.201773727086059
"168",1064,1370,1614,2034,2542,2304,0.115131578947368,0.280823749665686,0.172673701521173,1.26022304832714,0.223291626564004,-827.252,3918.864,-2325.0768,29.33,1453,40.2363586425781,4.05866432189941,0.375,1.625,6,32,0.334897149043667,55.7565789473684,0.182013954868877
"169",1249,1677,1993,2609,3136,2884,0.133854845719252,0.296125372560331,0.200760456273764,1.30908178625188,0.222850458178982,-936.959,4883.5459,-2903.6183,31.33,1317,116.565048217773,1.06752026081085,0.5,0.5,1,16,0.334243103616337,56.6927422859626,0.170451446839007
"170",1393,1722,1887,2139,2312,2049,0.0625931445603577,0.20898988223586,0.0938780578666336,1.1335453100159,0.101214574898785,-1040.6232,4262.2815,-1818.2894,14.66,1511,120.963760375977,2.78188633918762,0.5,1,4,8,0.15180378616502,53.1296572280179,0.266508857074711
"171",832,1203,1515,2622,2587,2112,0.267585206671501,0.505664169559657,0.401329305135952,1.73069306930693,0.261335933690882,-186.3742,4120.5114,-2323.2302,8.67,2033,145.713119506836,12.5107831954956,-0.25,5,17,4,0.391956124314442,63.3792603335751,0.119137263968184
