"","sr_band1","sr_band2","sr_band3","sr_band4","sr_band5","sr_band7","ndvi","evi","savi","sr","ndsvi","greenness","brightness","wetness","total_shrubs","elevation","folded_aspect_ns","slope","folded_aspect","tpi","tri","roughness","flowdir","satvi"
"1",695,926,1192,1699,2822,2660,0.175371843652715,0.348262123918121,0.26301227736469,1.4253355704698,0.406078724464375,-688.0066,3333.8221,-2983.5146,0.67,1811,73.8865966796875,11.0434436798096,118.886596679688,0.375,4.625,13,16,0.609042221945448
"2",769,1093,1494,1941,2521,2221,0.130131004366812,0.217475917096429,0.195168097802358,1.29919678714859,0.255790784557908,-618.2098,3574.1109,-2418.321,2,1377,180,0.954841256141663,135,-0.875,0.875,2,4,0.383638401195368
"3",636,909,1290,1909,3148,3059,0.193497968115036,0.317110655737705,0.290201593999062,1.47984496124031,0.418657052726453,-673.4412,3628.809,-3443.4835,1.33,2021,135,12.2994165420532,90,-1.75,5,18,1,0.627914836093275
"4",1182,1588,2054,2732,3486,3228,0.141663184287505,0.273740310077519,0.2124725791288,1.3300876338851,0.258483754512635,-924.0644,5068.745,-3378.9122,0,1567,112.380142211914,4.38048696517944,157.380142211914,-0.875,1.875,6,8,0.387690641638841
"5",1174,1599,2071,2509,3185,2921,0.0956331877729258,0.1786005545588,0.143434122912346,1.21149203283438,0.211948249619482,-1000.3494,4803.7546,-2996.668,23.33,1389,90,2.86240530014038,135,0.375,1.125,3,16,0.317892133548939
"6",815,1129,1523,2021,2642,2409,0.140519187358916,0.24665676077266,0.210749047820567,1.32698621142482,0.268667466986795,-656.2072,3729.5057,-2584.2057,37.34,1761,78.6900634765625,1.21711814403534,123.690063476562,-0.25,0.5,2,32,0.402952826791502
"7",1037,1333,1711,2052,2617,2427,0.0906191868190274,0.187713310580205,0.135910721402949,1.19929865575687,0.209334565619224,-870.9288,3981.7363,-2453.4156,22,1539,45,5.05115270614624,90,-0.125,1.875,7,32,0.313965576989719
"8",736,1029,1418,1804,2415,2200,0.119801365611421,0.201335280617567,0.179674166020171,1.2722143864598,0.26010957474563,-637.2134,3384.251,-2364.5318,42.66,1722,63.4349365234375,4.26269292831421,108.434936523438,1,2,6,32,0.390113473327247
"9",886,1185,1561,1976,2631,2265,0.117331071529545,0.220838654746701,0.175971731448763,1.26585522101217,0.255248091603053,-710.3176,3735.0232,-2467.0256,2,1531,120.963760375977,14.9627208709717,165.963760375977,-0.625,5.875,22,8,0.382826475849732
"10",781,1028,1336,1769,2566,2244,0.139452495974235,0.275550464553901,0.209145065206891,1.32410179640719,0.315222962583291,-654.155,3385.0255,-2501.7232,30.67,1350,95.9061279296875,6.9262490272522,140.906127929688,-0.125,2.875,8,16,0.472773862908392
"11",890,1178,1524,1938,2691,2218,0.119584055459272,0.234800362976407,0.179350180505415,1.27165354330709,0.276868327402135,-707.879,3698.9664,-2493.8433,6,1342,113.198593139648,5.43800783157349,68.1985931396484,0.25,2.25,8,1,0.415253232119559
"12",702,1005,1335,1702,1987,1608,0.120842937108989,0.206272482014388,0.181234567901235,1.2749063670412,0.19626730885009,-484.523,3066.8304,-1747.4848,0.67,1428,98.1301040649414,1.6876049041748,53.1301040649414,-0.125,0.625,2,1,0.294356659142212
"13",1018,1332,1710,2050,2615,2424,0.0904255319148936,0.181779298545766,0.135620263262864,1.19883040935673,0.209248554913295,-864.321,3971.8536,-2455.7007,22,1539,45,5.05115270614624,90,-0.125,1.875,7,32,0.313836550687782
"14",1151,1556,1991,2343,2868,2538,0.0812182741116751,0.155545735749006,0.121813357942092,1.1767955801105,0.180489812718666,-948.2062,4498.0241,-2582.012,28.67,1403,112.380142211914,12.9424085617065,157.380142211914,-4,6,21,16,0.270706862845972
"15",1219,1572,2030,2674,3602,3285,0.136904761904762,0.281838074398249,0.205335317249442,1.31724137931034,0.279119318181818,-978.0334,5061.4079,-3497.8568,0,1432,18.4349365234375,0.754894495010376,63.4349365234375,-0.25,0.25,1,128,0.418641810918775
"16",973,1240,1641,2125,3045,2632,0.128518321826872,0.258851214033586,0.192751891676623,1.29494210847044,0.299615877080666,-798.0968,4076.0889,-2928.8017,18,1731,180,0.954841256141663,135,-0.625,0.875,3,8,0.449375866851595
"17",798,1090,1360,1858,2868,2470,0.154754505904288,0.308626673277144,0.232095696753146,1.36617647058824,0.356669820245979,-697.496,3592.1794,-2828.0886,9.34,1746,45,0.337614715099335,90,-0.125,0.125,1,64,0.534941468605889
"18",1237,1590,1880,2263,3239,2985,0.0924450881004103,0.224422829016758,0.138650898998431,1.20372340425532,0.265481539363157,-1120.7098,4599.2429,-3091.5551,30.66,1686,146.309936523438,1.72100615501404,168.690063476562,0.125,0.625,2,16,0.398183416349253
"19",788,1021,1328,2030,2581,1976,0.209053007742704,0.429200293470286,0.31353282715498,1.52861445783133,0.320542338193911,-398.4366,3524.0834,-2352.048,42.66,2167,173.659805297852,10.6835079193115,141.340194702148,-0.25,4.5,12,4,0.480752014324082
"20",1017,1314,1543,1763,2224,1849,0.0665456745311555,0.162026808071881,0.0998034175109633,1.14257939079715,0.180780461906026,-820.7592,3518.0743,-1886.0046,18,1681,107.354026794434,15.609525680542,62.3540267944336,2.25,6.5,24,2,0.271134704711347
"21",1116,1504,1870,2429,3291,2869,0.130030239590602,0.26467803030303,0.195022677055472,1.29893048128342,0.275334237550862,-900.3278,4627.1008,-3108.9487,79.33,1951,165.963760375977,1.96786379814148,149.036239624023,0.625,0.875,3,4,0.412961348445219
"22",884,1319,1779,2295,3123,2377,0.126656848306333,0.203470031545741,0.189961958522518,1.29005059021922,0.274173806609547,-675.6062,4225.2048,-2833.4406,35.33,2401,147.264770507812,15.5034084320068,167.735229492188,3.875,7.125,27,8,0.411218765935747
"23",1107,1511,1878,2472,3431,2944,0.136551724137931,0.273053231589593,0.20480404551201,1.31629392971246,0.292522132228292,-896.603,4703.7273,-3253.4678,49.34,1774,45,2.69895100593567,0,0.75,1.25,4,128,0.438741877766268
"24",989,1285,1553,2090,2967,2586,0.147405984079056,0.336339721909057,0.22107863318238,1.34578235672891,0.31283185840708,-789.6978,4015.7519,-2841.1194,54.66,1830,122.799530029297,12.574686050415,77.7995300292969,-1.125,5.125,19,2,0.469195885410906
"25",914,1308,1634,2233,3322,2834,0.154900439617274,0.288925332818831,0.232320620555915,1.36658506731946,0.340597255851493,-783.8738,4250.15,-3243.4606,10.66,1686,59.9314155578613,5.22670364379883,14.9314155578613,1.625,2.875,8,2,0.510844345808534
"26",839,1194,1561,2019,3121,2568,0.127932960893855,0.224796309021302,0.191872643485547,1.29340166559898,0.333190944041008,-759.3836,3912.1879,-3011.6975,50.67,1837,159.623565673828,8.84250831604004,155.376434326172,1.25,3.75,12,8,0.499733048585158
"27",1080,1474,1897,2411,3527,3083,0.119312906220984,0.225676150333685,0.178948589996519,1.27095413811281,0.300516224188791,-964.4906,4688.4712,-3418.8535,0,1703,116.565048217773,1.06752026081085,71.5650482177734,0.5,0.5,1,4,0.450732786431929
"28",1093,1470,1844,2541,3412,2861,0.158950969213227,0.322178053064621,0.238399270322654,1.37798264642082,0.298325722983257,-791.5464,4699.6583,-3205.3288,1.33,1694,16.6992435455322,4.97235822677612,28.3007564544678,0.5,2,7,64,0.447446019214306
"29",1188,1630,2031,2496,3082,2847,0.102717031146455,0.201368439286333,0.154058531198233,1.22895125553914,0.205554469000587,-984.8946,4761.0252,-2872.4614,42.66,1976,52.1250305175781,2.71992325782776,97.1250305175781,0.125,1.125,4,32,0.308301554708126
"30",1151,1578,2036,2637,3281,2919,0.128611170554248,0.241501245680302,0.192896116400984,1.29518664047151,0.234154598457777,-881.9022,4884.3503,-3074.2089,58,1931,112.166343688965,6.9262490272522,67.1663436889648,0.75,2.75,10,2,0.351198871650212
"31",1580,2218,2776,3207,3913,3604,0.0720374394116664,0.134452208634889,0.108047129606418,1.15525936599424,0.169980565106892,-1387.7072,6231.0844,-3569.8443,42.66,1867,90,1.01777750994864e-13,135,0,0,0,1,0.254951790118843
"32",778,991,1308,1889,3020,2363,0.181732874569909,0.372149628490904,0.272556684910086,1.44418960244648,0.395563770794824,-585.974,3564.6984,-2915.6273,15.33,1420,90,0.477453768253326,135,-0.5,0.5,1,64,0.593277116784105
"33",833,1106,1438,1962,3020,2501,0.154117647058824,0.301600092091631,0.231142479047199,1.3643949930459,0.354867653656348,-689.7922,3753.5905,-2934.0904,29.33,1421,156.801406860352,3.63139343261719,158.198593139648,-1.625,1.625,5,16,0.532241785353819
"34",934,1245,1637,2241,3410,2901,0.155750386797318,0.29847796007116,0.233595462163207,1.36896762370189,0.351297800673668,-783.7792,4269.8024,-3354.1291,6,1414,90,5.08888754974322e-14,45,0,0,0,64,0.526894502228826
"35",863,1219,1535,2201,3405,2793,0.178265524625268,0.337078651685393,0.267362505018065,1.43387622149837,0.378542510121458,-703.6902,4148.1275,-3328.4046,2.67,1439,90,0,45,0,0,0,64,0.567756299969639
"36",862,1078,1381,1879,3171,2622,0.152760736196319,0.336395568765199,0.229105965342739,1.36060825488776,0.39323374340949,-756.8924,3726.5554,-3123.5855,3.33,1414,90,0.954841256141663,135,0.375,0.375,1,16,0.589785831960461
"37",903,1131,1436,1889,2918,2363,0.136240601503759,0.303334672559261,0.204330175913396,1.31545961002786,0.340376665135508,-733.2384,3691.4729,-2763.1597,64.67,1385,116.565048217773,2.13429999351501,161.565048217773,-0.125,0.875,3,16,0.510506372717878
"38",805,1047,1359,1814,2982,2429,0.143397415694926,0.28932977235152,0.215062234126359,1.33480500367918,0.373876986869385,-706.7682,3566.0685,-2903.3155,46.67,1401,171.869903564453,1.6876049041748,143.130096435547,-0.125,0.625,2,4,0.560750892548658
"39",752,947,1183,1738,2804,2245,0.190003423485108,0.434000625586487,0.284956358035256,1.46914623837701,0.406571356909957,-573.6614,3315.766,-2724.9911,33.33,1538,116.565048217773,1.06752026081085,161.565048217773,0.125,0.375,2,16,0.609780564263323
"40",770,942,1155,1816,2780,2256,0.222484012117132,0.556022880215343,0.333669863705199,1.57229437229437,0.412960609911055,-513.1292,3359.8626,-2706.428,31.33,1561,86.9872131347656,4.53271436691284,131.987213134766,1.875,2.375,6,8,0.619362215728624
"41",691,885,1205,1738,2705,2317,0.181107713217805,0.351908094546415,0.271615423815186,1.44232365145228,0.383631713554987,-557.8536,3266.8661,-2715.5132,7.33,1506,90,1.01777750994864e-13,45,0,0,0,128,0.575373993095512
"42",1716,2271,2804,3254,3983,3457,0.0742819412347309,0.15605493133583,0.111413716266403,1.160485021398,0.173714454103433,-1395.0184,6336.7778,-3491.3068,14.67,1465,63.4349479675293,1.06752026081085,18.4349479675293,-0.125,0.375,2,128,0.260552486187845
"43",1444,1901,2412,2959,3827,3374,0.10184323217278,0.207134201757043,0.152750628316113,1.22678275290216,0.226799166533098,-1174.2312,5685.5124,-3533.8694,63.34,1593,161.565048217773,0.754894495010376,153.434951782227,-0.25,0.25,1,16,0.340171488100008
"44",1001,1315,1577,2290,3160,2726,0.184380656839928,0.419856318454835,0.276535229476406,1.45212428662016,0.334177749630568,-717.4476,4247.0945,-3038.8745,38.66,1781,101.309936523438,1.21711814403534,146.309936523438,0,0.5,2,8,0.501213720316623
"45",1536,2084,2645,3235,4181,3809,0.100340136054422,0.194437121012391,0.150497406683105,1.22306238185255,0.225021974802227,-1306.7162,6224.5364,-3935.2931,1.34,1548,63.4349479675293,1.06752026081085,18.4349479675293,-0.5,0.5,1,128,0.337508239947264
"46",746,1003,1300,1738,2612,2273,0.144173798551679,0.2776369168357,0.216225111074543,1.33692307692308,0.335378323108384,-647.5242,3342.127,-2572.3525,0.67,1379,174.17366027832,11.5975980758667,129.17366027832,2.5,5.25,16,4,0.503003194888179
"47",519,768,937,1466,1992,1593,0.220141489804411,0.413733771312373,0.330143540669856,1.56456776947705,0.360191191532946,-318.5798,2586.4999,-1894.3512,82.67,1741,46.6846923828125,11.3338165283203,91.6846923828125,0.25,4.25,17,32,0.540194572452637
"48",654,898,1156,1634,2354,1964,0.171326164874552,0.325968357883252,0.256943200143343,1.41349480968858,0.341310541310541,-498.8768,3030.7006,-2275.8316,21.47,1411,84.8055725097656,2.63502645492554,39.8055725097656,-0.25,1,3,1,0.51189289275032
"49",898,1271,1722,2424,3566,3059,0.16931982633864,0.29143141813351,0.253949113710358,1.40766550522648,0.348714069591528,-737.5326,4488.8502,-3542.2831,0,1458,172.568588256836,5.52021265029907,127.568588256836,1.375,2.625,8,2,0.523021650751631
"50",1321,1783,2225,2850,3569,3265,0.123152709359606,0.248272026694208,0.184710865924539,1.28089887640449,0.231964100793925,-1047.1024,5369.5331,-3360.3422,0,1567,112.380142211914,4.38048696517944,157.380142211914,-0.875,1.875,6,8,0.347916127362154
"51",817,1092,1449,2039,2891,2659,0.169151376146789,0.320199717790079,0.25369069800774,1.4071773636991,0.332258064516129,-669.2858,3795.9921,-2921.9359,1.33,1838,169.824493408203,9.37478256225586,124.824493408203,-3.75,5,16,2,0.498329685520101
"52",713,981,1265,1744,2378,2188,0.159189099368561,0.300313479623824,0.238743977404885,1.37865612648221,0.305517430688993,-580.5488,3245.0945,-2364.2593,2,1854,3.62148475646973,18.2538623809814,41.3785152435303,-0.875,7.875,25,64,0.45821325648415
"53",879,1189,1571,2035,2865,2365,0.12867443150305,0.238217476126912,0.192984888395952,1.29535327816677,0.291704238052299,-704.8138,3848.5751,-2695.6096,5.34,1471,110.556045532227,4.0725884437561,65.5560455322266,-0.25,1.75,5,1,0.437507043840866
"54",896,1278,1700,2316,3364,2744,0.153386454183267,0.265654648956357,0.230051039462218,1.36235294117647,0.328593996840442,-716.8208,4310.6456,-3226.6038,0,1477,95.7105941772461,4.78729057312012,50.7105941772461,0.5,2,5,1,0.492842333892783
"55",844,1239,1741,2390,3740,3371,0.157104817235536,0.249346857230675,0.235628706281012,1.37277426766226,0.364714468162744,-826.7418,4530.2152,-3864.6359,0,1568,132.273681640625,7.06204414367676,87.273681640625,-1.125,2.875,10,1,0.547021800602025
"56",1128,1580,2099,2692,3742,3244,0.12377374243373,0.217152482788926,0.185641239695294,1.2825154835636,0.281287450778976,-961.9408,5097.1172,-3597.1856,0,1446,104.036239624023,3.93109583854675,149.036239624023,1.125,1.875,6,8,0.421895061200034
"57",1046,1441,1931,2360,3580,3133,0.0999766954089956,0.175762045231072,0.149947570779448,1.22216468151217,0.299219742333515,-1006.8754,4661.099,-3502.4181,0,1419,135,1.35022449493408,90,0,0.5,2,4,0.448788895944843
"58",1103,1471,1795,2240,3205,2760,0.110285006195787,0.234778938482642,0.16540701276174,1.24791086350975,0.282,-951.0246,4411.3705,-3014.4326,38.67,1475,23.1985912322998,1.8175220489502,21.8014087677002,0.25,0.75,2,1,0.422957704229577
"59",820,1118,1383,2068,3100,2449,0.1984931903796,0.406094379890918,0.297696653628857,1.49530007230658,0.383002453714031,-579.0602,3816.084,-2966.0888,74,2050,114.075500488281,23.2185859680176,69.0755004882812,-3.5,10,34,1,0.574439611910338
"60",894,1178,1346,1549,1773,1464,0.0701208981001727,0.173741869222869,0.105163184251425,1.15081723625557,0.136902853478679,-678.5796,3029.729,-1428.1967,25.33,1796,164.407196044922,20.4064712524414,150.592803955078,-0.875,9.125,26,8,0.205321365603462
"61",796,1042,1288,1919,2609,2199,0.196757093857187,0.428901576943991,0.295089633671083,1.48990683229814,0.338978701565307,-526.9794,3484.3264,-2497.9503,64,1867,86.0090866088867,10.1818943023682,41.0090866088867,-1.5,4.25,12,1,0.508402822322001
"62",1116,1525,1993,2582,3442,3015,0.128743169398907,0.238616107600065,0.193093650967107,1.29553437029604,0.266605335786569,-899.2814,4847.8612,-3276.8887,0,1498,8.13010215759277,1.6876049041748,36.8698978424072,0.125,0.625,2,64,0.399871216999356
"63",1341,1826,2310,2637,3127,2826,0.0661006670709521,0.126931138886732,0.0991409802930773,1.14155844155844,0.150266691189994,-1129.978,5107.4373,-2778.2507,40,1867,83.6598052978516,2.16078901290894,38.6598052978516,0.125,0.875,3,128,0.225379310344828
"64",719,1017,1353,2079,2866,2514,0.211538461538462,0.377692227655811,0.317261471230881,1.53658536585366,0.358615785731216,-499.593,3692.8329,-2872.7953,8.67,1506,135,0.337614715099335,180,-0.125,0.125,1,8,0.537859936011376
"65",592,784,920,1980,2157,1664,0.36551724137931,0.865730153544593,0.548181348043441,2.15217391304348,0.402014949626259,-5.52979999999997,3019.3166,-2003.7449,86.67,1777,151.699249267578,17.0979232788086,106.699249267578,0.625,7.125,26,4,0.602924451665313
"66",755,1012,1205,1772,2543,2089,0.190460194827007,0.424337674000898,0.285642317380353,1.47053941908714,0.356990394877268,-536.6952,3290.3633,-2422.8495,64.67,1385,116.565048217773,2.13429999351501,161.565048217773,-0.125,0.875,3,16,0.535414165666267
"67",751,1063,1277,1841,2707,2320,0.180885182809493,0.364199922510655,0.271284271284271,1.44166014095536,0.358935742971888,-602.8916,3459.7283,-2651.3656,40,1364,135,1.01275038719177,180,0.375,0.375,1,16,0.538336052202284
"68",740,977,1236,1843,2618,2147,0.197141929197791,0.409029649595687,0.295664880662445,1.4911003236246,0.358588479501816,-501.0092,3359.0826,-2515.2217,13.34,1390,90,5.08888754974322e-14,135,0,0,0,32,0.537812945907381
"69",629,804,1013,1705,2543,2187,0.254598969830758,0.564161095711723,0.381828214088652,1.68311944718657,0.430258717660292,-405.8166,3056.8889,-2575.4467,35.33,1597,71.5650482177734,0.754894495010376,26.5650482177734,-0.5,0.5,1,4,0.645297342893294
"70",579,831,988,1706,2383,1992,0.266518188567186,0.545178435839028,0.399703098905177,1.72672064777328,0.413823791159893,-331.4218,2973.0469,-2357.9154,48.66,1606,173.659805297852,2.16078901290894,128.659805297852,-0.125,0.875,3,4,0.620643630431559
"71",679,929,1240,1846,2953,2388,0.196370706416073,0.361187269042794,0.294508342783088,1.48870967741935,0.408538039589793,-534.8222,3436.9909,-2926.3722,3.33,1565,146.309936523438,1.72100615501404,168.690063476562,0.5,0.75,3,8,0.612733993084536
"72",605,859,1063,1738,2607,2185,0.240985362370582,0.471434557899148,0.361413528466893,1.63499529633114,0.420708446866485,-418.098,3127.0075,-2610.9268,32.66,1628,90,0.954841256141663,45,-0.375,0.375,1,64,0.630976706170821
"73",625,843,1037,1629,2551,2009,0.22205551387847,0.467688418391531,0.333020813800863,1.57087753134041,0.421962095875139,-435.5562,3000.8033,-2481.1072,33.33,1538,116.565048217773,1.06752026081085,161.565048217773,0.125,0.375,2,16,0.632854953323115
"74",574,776,988,1707,2417,1961,0.266790352504638,0.539627739417592,0.400111296605454,1.72773279352227,0.419676945668135,-302.231,2952.9418,-2380.1741,31.33,1561,86.9872131347656,4.53271436691284,131.987213134766,1.875,2.375,6,8,0.62942299221847
"75",531,750,915,1841,2251,1826,0.335994194484761,0.691147932527243,0.50389987302739,2.0120218579235,0.421983575489577,-112.512,2932.6539,-2195.6225,37.33,1576,99.4623184204102,2.90182161331177,54.4623184204102,0.25,1.25,4,128,0.6328754144955
"76",1070,1374,1783,2540,3656,3045,0.175109877399954,0.362965093977752,0.262634439690066,1.42456533931576,0.344364772936201,-777.0346,4713.9706,-3522.9232,4,1817,165.963760375977,1.96786379814148,120.963760375977,0,0.75,3,2,0.516499678279254
"77",997,1296,1644,2166,3214,2760,0.137007874015748,0.286592730866366,0.205484844508595,1.31751824817518,0.323178262659531,-836.5288,4195.6725,-3105.4388,42.66,1895,129.289413452148,3.38906717300415,84.2894134521484,0.25,1.25,5,2,0.484717505402902
"78",1159,1531,1854,2395,3520,3245,0.127324076253236,0.280165717244951,0.190963642781504,1.29180151024811,0.310011164867882,-1045.1004,4735.5657,-3472.8811,45.33,1712,180,0.954841256141663,135,0.375,0.375,1,4,0.464973485905666
"79",857,1190,1548,2204,3251,2626,0.174840085287846,0.323758760240845,0.262225183211193,1.42377260981912,0.354865596999375,-647.5914,4079.7795,-3127.3223,32,2006,16.557071685791,9.1369457244873,28.442928314209,0,4,12,1,0.532242941973122
"80",1054,1417,1794,2350,3495,2908,0.134169884169884,0.26679462571977,0.201230546507419,1.30992196209588,0.32161089052751,-884.3618,4538.6232,-3332.7214,10.66,1686,59.9314155578613,5.22670364379883,14.9314155578613,1.625,2.875,8,2,0.482370734473958
"81",1133,1531,1869,2493,3726,3145,0.143053645116919,0.299395451492179,0.214555873925501,1.3338683788122,0.331903485254692,-953.6584,4831.5615,-3575.1683,2,1712,47.3859443664551,8.05635929107666,2.38594436645508,1.125,3.375,14,1,0.497810740773836
"82",1165,1499,1827,2151,2923,2632,0.081447963800905,0.185079401348109,0.122156591680282,1.17733990147783,0.230736842105263,-1017.7688,4310.1717,-2710.9276,76,1638,81.8698959350586,1.6876049041748,36.8698959350586,0.125,0.625,2,1,0.346068834859488
"83",1315,1714,2140,2630,3467,2955,0.10272536687631,0.2184184719622,0.154071900220103,1.22897196261682,0.236668450151596,-1051.17,5080.7605,-3154.1499,63.34,1593,161.565048217773,0.754894495010376,153.434951782227,-0.25,0.25,1,16,0.354971020954079
"84",2177,3027,3754,4240,4848,4339,0.0607955966975231,0.116407185628743,0.0911876915379323,1.12946190729888,0.127179725645199,-1815.9746,8197.4569,-4190.8671,13.33,1526,90,5.08888754974322e-14,135,0,0,0,16,0.19075850043592
"85",1529,2149,2783,3303,4616,4104,0.0854419980282616,0.152322924600152,0.128152468578001,1.18684872439813,0.247736180564941,-1431.0274,6495.6287,-4396.7827,0.67,1547,0,0.954841256141663,45,0.375,0.375,1,64,0.371579160754105
"86",453,673,695,2370,1749,1133,0.546492659053834,1.33211388579609,0.819605284619149,3.41007194244604,0.43126022913257,604.0008,2931.5471,-1461.8964,0,2556,52.5946350097656,5.09561967849731,97.5946350097656,0.5,2,8,32,0.646758028226631
"87",473,725,864,2508,2262,1613,0.487544483985765,0.991436497406827,0.731208302446256,2.90277777777778,0.44721689059501,459.3638,3315.3117,-2070.8007,4.67,2016,61.4600143432617,15.128378868103,16.4600143432617,-0.875,6.375,22,128,0.67071805533344
"88",770,1090,1514,2059,3071,2569,0.152532885530367,0.253771652076737,0.228767314957325,1.35997357992074,0.33958560523446,-649.2282,3844.553,-3016.2053,0,1550,98.1300964355469,14.8510627746582,143.130096435547,3.375,7.125,22,8,0.509322865554465
"89",762,1071,1540,2573,3049,2307,0.25115487478726,0.423430070503361,0.376686519995138,1.67077922077922,0.328829810416213,-224.1742,4155.5158,-2828.2986,0,1483,180,8.99714374542236,135,0.375,3.875,12,4,0.493190979409522
"90",785,1166,1656,2264,3135,2700,0.155102040816327,0.240753939969906,0.232623389873741,1.36714975845411,0.308703819661866,-639.0726,4113.8595,-3088.8059,0,1500,145.491470336914,9.19103336334229,169.508529663086,-3.125,5.375,14,4,0.463007408953355
"91",800,1083,1437,1852,2003,1785,0.126178169656431,0.231843575418994,0.189238486092111,1.28879610299235,0.16453488372093,-533.8568,3308.9274,-1793.339,0,1682,171.724105834961,24.8515167236328,143.275894165039,2.5,11,35,4,0.24676645836361
"92",640,911,1203,1923,2323,1785,0.230326295585413,0.414555504375864,0.345434191588038,1.59850374064838,0.317640385706183,-271.071,3214.89,-2133.319,0,1882,98.7905578613281,22.2431182861328,143.790557861328,1.375,10.125,30,16,0.476393024245002
"93",632,812,1183,2474,2306,1569,0.353021602406344,0.667804676184565,0.52946001367054,2.09129332206255,0.321868730295214,216.8478,3510.3772,-1992.972,0,2197,135,17.0357418060303,180,-1.375,7.875,27,8,0.482733916033816
"94",1134,1533,2088,2639,3198,2764,0.116564417177914,0.206738706288459,0.174828133262824,1.26388888888889,0.209988649262202,-839.7938,4838.4048,-2936.5265,0,1427,162.552810668945,8.6913013458252,117.552810668945,1.75,3.75,12,4,0.314953182635014
"95",978,1202,1480,2019,2423,2058,0.154044012575021,0.377980364656381,0.231033004714959,1.36418918918919,0.241609018703561,-620.7752,3692.2822,-2173.6917,31.33,1620,54.4623222351074,2.05277514457703,9.46232223510742,0.25,0.75,3,128,0.362367106442936
"96",1031,1418,1770,2217,2626,2442,0.112114371708051,0.218881598276369,0.168150470219436,1.25254237288136,0.194722474977252,-815.1506,4155.7857,-2435.4534,34.66,1774,135,1.6876049041748,90,0.625,0.875,3,2,0.292050494711703
"97",873,1097,1448,1861,2655,2295,0.124811121184648,0.257963772642099,0.187188397038828,1.28522099447514,0.294174993906897,-711.8802,3581.4905,-2541.7616,56,1769,153.434951782227,2.13429999351501,161.565048217773,-0.375,0.875,3,4,0.441208724259778
"98",1056,1369,1863,2418,3539,2897,0.129642606867554,0.244407257354236,0.194441200513839,1.29790660225443,0.310255460940392,-850.2588,4602.879,-3359.2636,0,1538,122.47119140625,6.20105361938477,77.47119140625,-2,3,10,2,0.465340120314669
"99",638,833,1060,1684,2157,1765,0.227405247813411,0.478527607361963,0.341045727819275,1.58867924528302,0.34100093254585,-334.8184,2919.742,-2042.0468,40.67,1874,3.366455078125,4.05866432189941,48.366455078125,-0.125,1.625,5,64,0.511421911421911
"100",954,1258,1728,2164,2576,2234,0.112024665981501,0.202677575306805,0.168015414258189,1.25231481481481,0.197026022304833,-694.5684,3966.8706,-2347.0802,26,1591,170.537673950195,2.90182161331177,144.462326049805,-1.5,2,6,2,0.295504704379138
"101",1006,1344,1886,2428,2810,2294,0.1256374594344,0.218548387096774,0.188434349287287,1.28738069989396,0.196763202725724,-651.9608,4328.201,-2493.9098,4.67,1401,66.8014068603516,1.8175220489502,21.8014068603516,-0.25,0.75,2,1,0.295113382305973
"102",767,1171,1588,2093,2410,1871,0.137190980711763,0.215094982536843,0.205758522341437,1.31801007556675,0.2056028014007,-487.3912,3665.7265,-2110.2089,0,1548,8.13010215759277,3.37228679656982,36.8698978424072,-0.875,1.375,4,64,0.308365637113918
"103",929,1196,1563,2023,2280,1914,0.128276631344116,0.259330251437592,0.192388122124634,1.29430582213692,0.186572989851678,-595.959,3651.9675,-1993.2136,0,1613,86.9872131347656,4.53271436691284,41.9872131347656,1.25,2,6,1,0.279823077923767
"104",898,1166,1597,2096,2578,2030,0.135120498239913,0.252326051779935,0.202653309868688,1.31246086412023,0.23497005988024,-577.3188,3779.7742,-2289.685,3.34,1634,120.963760375977,13.6557855606079,165.963760375977,2.375,5.875,19,8,0.352412884684469
"105",724,963,1156,1755,2117,1833,0.205771212641704,0.45907418761496,0.3086038124678,1.5181660899654,0.293614421020471,-420.8438,3090.6484,-1984.2054,34,1659,45,4.04469108581543,0,0.25,1.5,6,1,0.440354360775928
"106",770,933,1250,1681,2132,1783,0.14704878880928,0.316260639859114,0.220535561998977,1.3448,0.260792430514488,-507.182,3075.7112,-1959.2023,18.67,1714,111.801406860352,2.56950283050537,156.801406860352,1.625,1.625,4,8,0.391130820399113
"107",716,970,1305,1859,2138,1876,0.175094816687737,0.320601851851852,0.262600726813083,1.42452107279693,0.24194016845774,-427.9046,3232.8594,-2003.377,16.67,1793,118.300750732422,3.52040505409241,163.300750732422,-0.25,1.5,5,8,0.362857557717439
"108",868,1173,1640,2040,2135,1733,0.108695652173913,0.18618506795755,0.163021328623828,1.24390243902439,0.13112582781457,-539.5364,3600.9782,-1797.7678,0,1479,164.744888305664,2.71992325782776,150.255111694336,-0.125,1.125,3,16,0.196662693682956
"109",775,1071,1568,2201,2693,2203,0.167949058105598,0.272962483829237,0.251890171110227,1.40369897959184,0.264022529922553,-464.4462,3813.9611,-2519.0676,0,1651,26.5650520324707,2.13429999351501,18.4349479675293,-0.375,0.875,3,64,0.395987328405491
"110",669,931,1322,1922,2390,1982,0.184956843403206,0.310077519379845,0.277392510402219,1.45385779122542,0.287715517241379,-396.202,3325.6793,-2267.7257,11.33,1693,113.498565673828,11.8048343658447,68.4985656738281,0.875,4.625,16,1,0.431515151515152
"111",864,1161,1533,1917,2684,2282,0.111304347826087,0.207075064710958,0.166932328648022,1.25048923679061,0.27294285036756,-728.5514,3680.4546,-2533.9977,36.67,1319,85.4260787963867,11.8048343658447,40.4260787963867,0.875,5.125,16,1,0.409365737996443
"112",1187,1595,1927,2267,2735,2551,0.0810681926561755,0.172501268391679,0.121587793539158,1.17644006227296,0.173316173316173,-998.0498,4420.0783,-2480.6592,29.34,1445,26.5650520324707,1.06752026081085,18.4349479675293,0.5,0.5,1,64,0.259946380697051
"113",879,1161,1454,1805,2517,2247,0.107701749002762,0.222857142857143,0.161527841693511,1.2414030261348,0.267690757995467,-762.3478,3533.1731,-2398.459,26,1448,48.366455078125,5.73025560379028,93.366455078125,0.375,2.375,8,16,0.40148558479164
"114",865,1193,1528,2315,2855,2505,0.204787926099401,0.393775642950065,0.307141927930272,1.51505235602094,0.302760666210358,-523.489,4043.4973,-2751.8464,32.67,1830,18.4349365234375,0.754894495010376,63.4349365234375,0.5,0.5,1,64,0.454089198129349
"115",957,1286,1594,2007,2601,2267,0.114690363787837,0.234952781886449,0.17201166180758,1.25909661229611,0.240047675804529,-763.0946,3828.3625,-2399.8581,14.67,1477,56.5921745300293,13.2025480270386,11.5921745300293,0.125,5.375,19,128,0.36002860207365
"116",1404,1733,2220,2842,3361,2699,0.122876333465034,0.276051837386828,0.184296296296296,1.28018018018018,0.20444364809174,-906.5408,5233.8222,-2886.5952,4,1650,109.798873901367,6.31755065917969,64.7988739013672,-0.25,2.75,9,1,0.30663800053749
"117",1127,1513,2098,2795,3888,3155,0.14244839566728,0.251388588328645,0.213650761213855,1.33222116301239,0.299031072502506,-845.7824,5160.6793,-3668.5589,4.67,1408,45,0.337614715099335,90,0.125,0.125,1,32,0.44850914557755
"118",1127,1565,1952,2549,3473,3106,0.13263719173517,0.256906790601601,0.19893368877041,1.30584016393443,0.28036866359447,-946.1272,4850.2823,-3344.0782,0,1687,45,2.36199140548706,90,-0.125,0.875,3,16,0.420514238319049
"119",1255,1645,2183,2903,3740,3224,0.141565080613449,0.273161848395174,0.212326747272191,1.3298213467705,0.262873543812257,-913.425,5344.2869,-3515.9971,2.66,1790,14.0362548828125,1.96786379814148,59.0362548828125,-0.375,0.875,3,64,0.394277032160041
"120",964,1247,1587,2098,3084,2576,0.138670284938942,0.290936005465725,0.207977207977208,1.32199117832388,0.320488118175979,-777.9896,4035.7524,-2936.0183,32,1841,109.653823852539,7.06204414367676,64.6538238525391,0.5,3,9,1,0.480680723536337
"121",723,1021,1289,2238,2793,2009,0.26906719591721,0.521371277881551,0.403543586109142,1.73622963537626,0.368446839784419,-227.8488,3684.3341,-2538.5988,56,2087,108.434951782227,0.754894495010376,63.4349517822266,-0.75,0.75,1,1,0.55260257195346
"122",899,1276,1618,1961,3068,2727,0.0958368259290305,0.1740233384069,0.143735158541696,1.21199011124845,0.309432351685873,-915.4148,3961.2349,-3022.1474,18.67,1910,180,0.954841256141663,135,0.375,0.375,1,4,0.464099007788328
"123",1785,2366,2837,3336,4164,3762,0.0808358982666451,0.178942838700423,0.121244026889123,1.17589002467395,0.189544350807028,-1494.2688,6559.1417,-3746.8318,21.33,1742,90,0,45,0,0,0,128,0.284296222238092
"124",1634,2149,2507,3095,3661,3111,0.104962513388076,0.249872514023457,0.157429718875502,1.23454327881931,0.187094682230869,-1201.0166,5903.5802,-3144.8142,28,1959,142.125015258789,2.71992325782776,172.874984741211,-0.625,1.125,4,4,0.280619275350571
"125",1016,1451,1915,2321,3033,2706,0.0958451369216242,0.163921188630491,0.143750737637201,1.21201044386423,0.225949878738884,-894.7268,4427.7808,-2864.8212,48.67,2014,45,1.35022449493408,90,0,0.5,2,64,0.338890572900879
"126",2064,2959,3629,4113,4791,4144,0.0625161456987858,0.116256725595696,0.0937681627381337,1.13337007440066,0.138004750593824,-1732.942,7948.7876,-4106.4546,0,1830,90,0,45,0,0,0,32,0.206994834035984
"127",1747,2270,2870,3215,3963,3490,0.056696795398521,0.117610963387196,0.0850382055706187,1.12020905923345,0.159959022391336,-1470.4624,6346.7135,-3482.3495,18,1546,146.888656616211,6.52698659896851,101.888656616211,-1.5,3.75,10,4,0.239920977537133
"128",1725,2244,2869,3284,4159,3590,0.0674467739314156,0.137208225881108,0.101161940359145,1.14464970372952,0.183551508252703,-1436.4134,6436.9927,-3692.6679,29.34,1581,98.1301040649414,1.6876049041748,53.1301040649414,-0.125,0.625,2,1,0.275307675891015
"129",590,809,973,1482,2183,1835,0.207331975560081,0.439399171270718,0.310934636530238,1.52312435765673,0.38339670468948,-430.3768,2735.554,-2138.6488,42,1683,116.565048217773,2.13429999351501,71.5650482177734,2,2,5,2,0.57500396008237
"130",863,1155,1595,2133,2362,1783,0.14431330472103,0.257096435056867,0.216440927987126,1.33730407523511,0.19383371240839,-464.8428,3699.1361,-2001.1191,0,1424,90,0,45,0,0,0,64,0.290713834491472
"131",661,830,1106,1511,2386,1895,0.15475735575086,0.317348377997179,0.232091690544413,1.36618444846293,0.366552119129439,-522.6476,2897.2847,-2288.4866,13.34,1477,91.9749450683594,6.89389324188232,136.974945068359,0.125,2.875,10,16,0.54974946313529
"132",728,1059,1551,2162,2684,2091,0.164556962025316,0.254202030287902,0.246802208159418,1.39393939393939,0.267532467532468,-434.225,3738.7212,-2470.8999,0.67,1452,71.5650482177734,3.01696133613586,26.5650482177734,-0.5,1.25,4,1,0.401251328060442
"133",1101,1489,2029,2495,3141,2685,0.103006189213086,0.181676413255361,0.154492209083877,1.22966978807294,0.215087040618956,-864.4386,4660.1941,-2883.472,0.67,1446,152.354019165039,5.64121961593628,162.645980834961,-4.625,5.875,16,2,0.322599361763853
"134",959,1357,1860,2496,3335,2774,0.146005509641873,0.24595869750174,0.218983128658327,1.34193548387097,0.283926852743022,-720.5818,4550.4693,-3160.562,4,1650,109.798873901367,6.31755065917969,64.7988739013672,-0.25,2.75,9,1,0.425849292657107
"135",1083,1491,2028,2630,3589,3012,0.129240017174753,0.225417509173968,0.193839218632607,1.29684418145957,0.277906355705893,-861.4742,4902.8313,-3396.974,0,1446,104.036239624023,3.93109583854675,149.036239624023,1.125,1.875,6,8,0.416822429906542
"136",869,1232,1749,2405,3116,2390,0.157920077034184,0.256952604778692,0.236851606691539,1.37507146941109,0.280986639260021,-552.713,4250.6955,-2853.2324,0,1473,171.869903564453,6.72136926651001,126.869903564453,0.625,2.625,9,4,0.421436645771247
"137",720,1053,1559,2547,3031,2147,0.240623477837311,0.379883112888342,0.360891269937903,1.6337395766517,0.320697167755991,-188.0026,4093.0652,-2743.1876,1.33,2021,135,12.2994165420532,90,-1.75,5,18,1,0.48099335584359
"138",808,1157,1703,2442,3184,2414,0.178287092882992,0.279881836085442,0.267398383789651,1.43394010569583,0.30304890525885,-466.9604,4226.3744,-2951.9493,0.67,1712,119.05460357666,21.1108837127686,74.0546035766602,0.125,8.875,29,1,0.454526854219949
"139",920,1257,1673,2157,3239,2850,0.126370757180157,0.228474320241692,0.189531392768568,1.28930065750149,0.318811074918567,-840.7152,4177.8932,-3199.4784,0.67,1614,12.5288076400757,12.9793500900269,32.4711923599243,-1.375,5.375,17,64,0.478167938931298
"140",826,1101,1628,2441,3051,2413,0.199803391496682,0.337905236907731,0.299668263914486,1.49938574938575,0.30412481299423,-416.1782,4150.001,-2864.2182,0.67,1682,104.886268615723,18.8087368011475,59.8862686157227,0.25,8,25,1,0.456138476332942
"141",856,1156,1581,2266,2985,2433,0.178060826618144,0.321113819613726,0.267056530214425,1.43327008222644,0.307490144546649,-549.8568,4030.3806,-2820.8215,1.33,1793,84.4724578857422,7.39395809173584,39.4724578857422,0.25,3,12,2,0.461184714770612
"142",851,1234,1726,2266,3310,2855,0.135270541082164,0.216328819806105,0.202880400751409,1.31286210892236,0.314535345512311,-760.741,4257.8359,-3267.3238,0,1500,145.491470336914,9.19103336334229,169.508529663086,-3.125,5.375,14,4,0.471756179886826
"143",1221,1654,2207,2783,3716,3426,0.115430861723447,0.209652762611924,0.173128944995491,1.26098776619846,0.25476954246159,-1052.3166,5288.2847,-3619.1762,0,1573,18.4349479675293,1.50952696800232,26.5650520324707,-0.625,0.875,3,64,0.382122056216764
"144",964,1312,1847,2405,3355,2834,0.131232361241769,0.222914669223394,0.196825396825397,1.3021115322144,0.289888504421376,-780.0376,4480.058,-3223.6429,0,1448,158.198593139648,2.56950283050537,156.801406860352,-0.375,1.125,4,8,0.434790965881788
"145",626,877,1296,2340,2578,1883,0.287128712871287,0.481372187384729,0.430633851230579,1.80555555555556,0.330924109447599,-38.1733999999999,3597.123,-2355.6497,0,2197,135,17.0357418060303,180,-1.375,7.875,27,8,0.496322106078204
"146",1053,1469,1967,2613,3462,2965,0.141048034934498,0.24775638567155,0.211548957537387,1.32841891204881,0.275372996868668,-812.2616,4811.2199,-3294.1141,0,1348,105.25511932373,2.71992325782776,60.2551193237305,-0.375,1.125,3,1,0.413021456856064
"147",863,1202,1724,2474,3463,2723,0.178656503096713,0.295438430631057,0.267952840300107,1.43503480278422,0.335261229998072,-576.5956,4407.4193,-3303.1663,0,1523,76.8274459838867,11.3719148635864,31.8274459838867,-0.875,4.875,17,1,0.502843373493976
"148",812,1064,1424,1979,2541,1961,0.163091389950044,0.312922868741543,0.244601145879242,1.38974719101124,0.28171500630517,-496.0526,3540.1232,-2292.3973,0,1579,88.0250625610352,13.5937662124634,43.0250625610352,-2.625,6.375,19,1,0.422519228344471
"149",767,1011,1400,1943,2475,1960,0.16242895602752,0.295655014701078,0.243606998654105,1.38785714285714,0.27741935483871,-474.5044,3453.3527,-2269.2554,0,1603,155.095230102539,14.4268436431885,159.904769897461,0.125,5.875,21,8,0.416075345116759
"150",770,1135,1705,2755,3896,2945,0.23542600896861,0.364027180696159,0.353099428315211,1.6158357771261,0.391180146402428,-386.2152,4670.4316,-3775.2079,0,1820,102.011474609375,21.8228321075439,57.011474609375,-3.375,9.375,34,1,0.586717843434794
"151",1122,1625,2205,2781,3822,3379,0.115523465703971,0.189548505989206,0.173267823122431,1.26122448979592,0.268292682926829,-999.6196,5256.0684,-3707.2427,0,1418,106.699241638184,9.87092685699463,61.6992416381836,1.125,4.125,13,2,0.402405640812941
"152",1428,1890,2497,3094,4018,3426,0.106778751565015,0.202592642866839,0.160153804882411,1.23908690428514,0.233461243284728,-1127.9656,5854.6324,-3697.4306,0,1349,144.462326049805,4.10029363632202,99.4623260498047,-1.25,1.75,6,4,0.350164991174891
"153",826,1153,1554,2023,2724,2368,0.131115459882583,0.227537356879488,0.19664570230608,1.3018018018018,0.273492286115007,-672.323,3768.6528,-2613.6439,0.67,1551,132.597396850586,40.1435127258301,177.597396850586,6.25,19.75,68,8,0.410190487320323
"154",1273,1709,2234,2853,3715,3360,0.121682720660507,0.230608747485284,0.182506142506142,1.27708146821844,0.248949403261052,-1035.3544,5377.1885,-3550.3296,0,1512,86.633544921875,4.05866432189941,131.633544921875,1.625,1.875,6,32,0.373392722077485
"155",1061,1425,1752,2138,3190,2913,0.0992287917737789,0.205603494194098,0.148824058604292,1.2203196347032,0.290975313638203,-1012.0158,4311.2925,-3116.9763,24.67,1352,90,0,45,0,0,0,64,0.436418816388467
"156",797,1169,1660,2518,3469,2497,0.205361416945907,0.329923863723756,0.308005265047266,1.51686746987952,0.352700331448625,-423.7284,4341.7759,-3213.4118,32.67,1781,150.945388793945,7.33339262008667,105.945388793945,-0.25,3,10,4,0.528998927770738
"157",1301,1648,2036,2403,3588,3429,0.0826762784410903,0.188688946015424,0.124000450501183,1.18025540275049,0.275960170697013,-1261.434,4954.1411,-3544.1806,0,1288,135,1.01275038719177,90,-0.375,0.375,1,1,0.413903458085163
"158",1523,1997,2379,2855,3436,3142,0.0909438288116163,0.208497590889181,0.136402712771038,1.20008406893653,0.18177128116939,-1221.6046,5540.0361,-3079.1531,6,1270,90,0.954841256141663,135,-0.375,0.375,1,64,0.272633479494454
"159",1065,1517,2024,2659,3538,3070,0.135596839632714,0.232890779725666,0.20337354542543,1.31373517786561,0.272204243078029,-856.6654,4922.9867,-3386.9447,2.66,1790,14.0362548828125,1.96786379814148,59.0362548828125,-0.375,0.875,3,64,0.408269662921348
"160",1081,1515,2073,2626,3626,2941,0.117684613747606,0.198706431908013,0.176508139163741,1.26676314520019,0.272503948061063,-874.8218,4923.5601,-3378.4287,8,1560,56.3099365234375,3.4389123916626,101.309936523438,1.5,2.25,8,8,0.408720063163435
"161",1099,1459,1929,2543,3491,2945,0.137298747763864,0.261254361330951,0.205925097820011,1.31829963711768,0.288191881918819,-850.991,4763.4687,-3303.6344,0,1538,122.47119140625,6.20105361938477,77.47119140625,-2,3,10,2,0.432247947606309
"162",1085,1395,1724,2120,3155,2953,0.103017689906348,0.228769497400347,0.15450643776824,1.22969837587007,0.293297806927649,-1018.8644,4282.8359,-3115.721,24.67,1352,90,0,45,0,0,0,64,0.439901629265294
"163",759,971,1208,2193,2560,1912,0.289620699794178,0.656754233897853,0.434367190945171,1.81539735099338,0.358811040339703,-185.461,3545.5793,-2320.2835,5.33,2075,78.6900634765625,1.21711814403534,123.690063476562,0.75,0.75,2,32,0.538145150590421
"164",999,1280,1591,2092,2799,2414,0.136030409991854,0.302061979983118,0.204017917741279,1.31489629164048,0.275170842824601,-757.8878,3967.6993,-2615.0731,32.66,1480,48.366455078125,5.73025560379028,93.366455078125,0,2.25,9,32,0.41270925862658
"165",1059,1449,1776,2054,2689,2455,0.0725848563968668,0.145748138827724,0.108863072705913,1.15653153153153,0.20447928331467,-956.7232,4083.3429,-2486.6678,14,1439,9.68878650665283,9.83200359344482,35.3112134933472,-4,5.75,21,128,0.306684581793752
"166",369,393,431,708,631,472,0.243195785776997,1.31279620853081,0.364633611232997,1.64269141531323,0.188323917137476,-105.2498,1168.5335,-468.3074,10,2038,106.927513122559,5.72043323516846,61.9275131225586,0.5,2.25,7,1,0.282352941176471
"167",1372,1996,2532,3017,4166,3586,0.0874031357001261,0.153093434343434,0.131092891251464,1.19154818325434,0.243953418931024,-1262.0514,5896.1886,-3890.369,17.33,1857,18.4349365234375,0.754894495010376,63.4349365234375,0.25,0.25,1,64,0.36590281406285
"168",1529,2026,2596,2934,3606,3231,0.061121157323689,0.119968765528501,0.0916734472470843,1.13020030816641,0.162850693324734,-1305.2434,5746.5061,-3223.7382,18,1546,146.888656616211,6.52698659896851,101.888656616211,-1.5,3.75,10,4,0.244256348246675
"169",612,806,870,1979,2156,1717,0.389259389259389,1.06226053639847,0.583786629233199,2.27471264367816,0.424983476536682,-11.846,3023.1906,-2026.2718,112,2135,57.9946174621582,17.4565906524658,12.9946174621582,3.125,7.375,25,128,0.637369899223525
"170",752,1058,1558,2009,2542,2265,0.126436781609195,0.19718433018538,0.189628591450596,1.28947368421053,0.24,-593.9908,3638.3326,-2459.6196,28,1498,116.565048217773,5.32285261154175,71.5650482177734,-0.875,2.375,8,2,0.359956102914279
"171",758,1087,1442,2351,3357,2437,0.239651990508832,0.427241962774958,0.359430604982206,1.63037447988904,0.399041466972286,-380.147,4058.699,-3154.5786,25.34,1488,127.40535736084,14.9766092300415,82.4053573608398,2.875,6.875,23,2,0.598499843733722
"172",555,838,934,2631,2541,1780,0.47601683029453,1.04148766417086,0.713925115692049,2.8169164882227,0.462446043165468,395.0128,3592.8379,-2313.3521,4,1900,20.5560455322266,8.10443592071533,24.4439544677734,1.25,3.5,11,128,0.693569270608546
"173",612,833,1060,1727,1948,1526,0.239325439540725,0.476700971983991,0.358923766816143,1.62924528301887,0.295212765957447,-228.2554,2854.5154,-1757.8343,19.33,1639,92.815559387207,14.2772426605225,47.815559387207,-0.5,6,20,1,0.442745554262922
"174",613,820,1150,1900,2278,1688,0.245901639344262,0.446056857380754,0.36879200131126,1.65217391304348,0.329054842473746,-195.0668,3106.6489,-2079.7148,49.33,1333,74.7448806762695,2.71992325782776,29.7448806762695,-0.375,1.125,3,1,0.493510281464197
"175",939,1204,1451,1997,2659,2143,0.158352668213457,0.37279803359279,0.237494562853415,1.3762922122674,0.293917274939173,-638.6214,3720.0575,-2413.4759,32,1305,164.744888305664,2.71992325782776,150.255111694336,0.375,1.125,3,4,0.440822284393626
"176",525,774,833,1856,1689,1285,0.380438824841949,0.876606683804627,0.570552147239264,2.2280912364946,0.339413164155432,84.6803999999999,2703.6695,-1478.4283,66,1828,94.4671630859375,28.1449298858643,139.467163085938,5.375,13.875,40,8,0.509018830525273
"177",752,1004,1469,2330,2935,2316,0.226638589102395,0.391008174386921,0.33991314646664,1.58611300204221,0.332879200726612,-333.6198,3903.7262,-2785.6633,0,1498,8.13010215759277,1.6876049041748,36.8698978424072,0.125,0.625,2,64,0.499262118288114
"178",882,1211,1615,2590,3306,2565,0.231866825208086,0.430197670314155,0.347758887171561,1.60371517027864,0.343629343629344,-410.3194,4394.905,-3093.8281,55.33,1611,93.3664627075195,4.05866432189941,48.3664627075195,1.125,1.875,6,2,0.515391648887534
"179",699,898,1083,1929,1600,1245,0.280876494023904,0.663946005336682,0.421244813278008,1.78116343490305,0.192694744688781,-67.8252000000001,2936.6061,-1288.7986,18,2563,140.042449951172,11.3719148635864,174.957550048828,-0.5,5.5,19,4,0.288988261598658
"180",814,1079,1432,2191,2593,2052,0.209494893734474,0.405535370805728,0.314198978887816,1.53002793296089,0.288447204968944,-383.1944,3724.0066,-2362.7142,0,1633,119.054611206055,7.33339262008667,164.054611206055,-1.5,3.25,12,8,0.432617066202956
"181",851,1188,1578,2643,3178,2473,0.252309879175551,0.464700235622655,0.378419992893521,1.67490494296578,0.336417157275021,-310.7312,4353.2613,-2959.6216,0,1738,57.9946174621582,4.49514865875244,12.9946174621582,1.125,1.875,7,128,0.504572690003154
"182",582,803,917,2515,2340,1572,0.465617715617716,1.09362168081029,0.698324836125273,2.74263904034896,0.436905127417869,384.8958,3421.9628,-2057.5259,44.67,2330,119.248825073242,13.4293937683105,164.248825073242,3.375,5.875,20,8,0.655257099002302
"183",583,857,1028,2045,2332,1895,0.330946957370648,0.661850839515814,0.496339677891654,1.98929961089494,0.388095238095238,-97.3052,3209.4221,-2234.1845,60,1855,71.5650482177734,2.26363611221313,26.5650482177734,-0.75,1,3,128,0.58205624163071
"184",1042,1516,1875,2426,2947,2594,0.128109741920484,0.234988058683043,0.19214227595025,1.29386666666667,0.222314392368312,-803.553,4482.8496,-2714.9381,51.33,1941,33.6900672912598,3.4389123916626,11.3099327087402,0.75,1.5,6,128,0.33343701399689
"185",972,1410,1815,2398,2852,2528,0.138381201044386,0.242957159526588,0.207547169811321,1.32121212121212,0.222198414398972,-715.0904,4340.64,-2655.3712,30.66,1987,173.659805297852,2.16078901290894,128.659805297852,0.125,0.875,3,2,0.333261917514729
"186",1087,1534,1955,2530,3228,2816,0.128205128205128,0.235327821887534,0.192286255712853,1.29411764705882,0.245610650202585,-854.168,4709.3699,-3019.0254,35.33,1903,33.6900634765625,1.72100615501404,78.6900634765625,0.75,0.75,3,32,0.368380437928041
"187",579,800,849,1767,2212,1712,0.350917431192661,0.910895018852947,0.5262755589528,2.08127208480565,0.445279320483502,-136.8362,2865.1821,-2092.1024,120.67,2648,123.690063476562,5.15065240859985,168.690063476562,-1.125,2.125,8,16,0.66780989710926
"188",989,1289,1623,2329,2957,2471,0.178643724696356,0.379529082894312,0.267931688804554,1.43499691928527,0.291266375545852,-626.033,4190.5161,-2748.5116,74,1743,127.874984741211,2.71992325782776,82.8749847412109,-1.5,1.5,5,128,0.436851872066368
"189",1061,1379,1703,2465,3148,2732,0.182821497120921,0.403046651856553,0.274199352284995,1.44744568408691,0.297876726448155,-696.9814,4463.1911,-2980.3465,26.66,1904,45,1.6876049041748,90,1.375,1.375,3,32,0.446769040502937
"190",650,930,984,2865,2471,1795,0.488698363211224,1.20731707317073,0.73295233147162,2.91158536585366,0.430390738060781,468.6134,3832.1262,-2203.4065,64.66,2305,5.9061279296875,6.9262490272522,50.9061279296875,-0.375,3.125,10,64,0.645492692808566
"191",1074,1482,1885,2577,2869,2343,0.155087404751233,0.296588376478656,0.232605042016807,1.36710875331565,0.206983592763988,-633.673,4531.9402,-2508.2377,8.67,1270,116.565048217773,1.06752026081085,161.565048217773,0.5,0.5,1,4,0.310442738458303
"192",695,949,1302,2095,2657,2060,0.233441271710333,0.422212756894899,0.350110375275938,1.60906298003072,0.342258145996464,-308.6272,3528.2763,-2493.2682,28,1654,104.620880126953,11.2041759490967,149.620880126953,3,5.25,17,16,0.513322389190554
"193",613,898,1397,2136,2925,1924,0.209170676478913,0.311998648990965,0.313711617376539,1.52899069434503,0.353540027764924,-248.571,3584.0267,-2645.4143,0,1423,135,0.337614715099335,180,-0.125,0.125,1,2,0.530248698669751
"194",715,1059,1558,2341,3245,2295,0.200820723262375,0.309363887791387,0.301192460571868,1.50256739409499,0.35123880907766,-375.6038,4022.3191,-2999.8252,0.67,1486,143.130096435547,2.3859441280365,171.869903564453,-0.25,1,3,4,0.526803372540856
"195",1269,1813,2334,3023,3387,2827,0.128616763113683,0.229345582850676,0.192907139524032,1.29520137103685,0.184058730991085,-849.8958,5414.4873,-2971.29,6.67,1258,45,0.337614715099335,0,0.125,0.125,1,128,0.276063969238836
"196",801,1024,1205,1607,1894,1551,0.142958748221906,0.355060943296237,0.2144,1.33360995850622,0.222329783801226,-514.0696,2962.3451,-1634.0282,54.67,1452,53.4550170898438,23.7898235321045,98.4550170898438,1.375,9.875,36,32,0.333440877560897
"197",868,1137,1433,1983,2579,2095,0.161007025761124,0.337671905697446,0.241475193911898,1.38381018841591,0.285643070787637,-578.1258,3625.4336,-2362.156,63.33,1457,92.2906188964844,5.95158433914185,137.290618896484,-0.75,2.5,8,16,0.428411214953271
"198",862,1188,1673,2431,3271,2556,0.184697855750487,0.315570358034971,0.277013034474357,1.45307830245069,0.323220064724919,-529.4504,4281.0938,-3077.5133,8,1480,96.3401794433594,4.31544876098633,141.340179443359,0.375,1.875,5,16,0.484781069875619
"199",940,1287,1621,2359,3073,2510,0.185427135678392,0.366362192216044,0.278105765607336,1.45527452190006,0.309331060928845,-600.1936,4225.132,-2869.534,73.34,1569,90,4.76364183425903,135,0.375,1.875,5,16,0.463947172222814
"200",754,1104,1505,2323,2835,2135,0.213688610240334,0.358834883312862,0.320491053937573,1.54352159468439,0.306451612903226,-340.9834,3901.589,-2587.0409,26,1397,0,0.954841256141663,45,0.375,0.375,1,64,0.459624467227278
"201",714,1037,1461,2295,3103,2118,0.222044728434505,0.365340809532154,0.333022760548383,1.57084188911704,0.35977212971078,-305.3356,3882.6018,-2813.0984,10.67,1441,61.6992492675781,3.52040505409241,106.699249267578,0.75,1.5,5,32,0.539599079855406
"202",860,1142,1595,2444,3619,2638,0.21020054468928,0.381401617250674,0.315261789825473,1.53228840125392,0.388185654008439,-497.8742,4333.355,-3403.9279,25.34,1488,127.40535736084,14.9766092300415,82.4053573608398,2.875,6.875,23,2,0.582222648384313
"203",813,1066,1520,2117,2945,2269,0.16414627440198,0.290341406477969,0.246185567010309,1.39276315789474,0.319148936170213,-535.4834,3816.3941,-2747.9261,4.67,1342,111.037506103516,3.32143211364746,156.037506103516,-0.375,1.375,5,16,0.478669801813907
"204",701,933,1245,1918,2654,1993,0.212772684160607,0.40723708096333,0.319108582266477,1.54056224899598,0.361374711464478,-384.5986,3367.1277,-2473.6193,53.34,1342,113.198593139648,1.8175220489502,158.198593139648,-0.25,0.75,2,16,0.541992563149122
"205",612,866,1261,1946,3080,2250,0.213595260367945,0.34785699776559,0.320342946219797,1.54321966693101,0.419027873761806,-396.7772,3472.9744,-2971.484,9.34,1349,90,2.3859441280365,135,0.25,1,3,32,0.62846942301048
"206",996,1421,1848,2540,3582,2983,0.157702825888788,0.28088975483033,0.236527287227982,1.37445887445887,0.319337016574586,-780.463,4704.852,-3436.4137,0,1359,108.434951782227,3.01696133613586,153.434951782227,0.25,1.25,4,16,0.478961421600221
"207",830,1179,1637,2359,3247,2422,0.180680680680681,0.30300486822226,0.270987113724509,1.44105070250458,0.32964782964783,-513.4908,4175.0414,-3005.3914,2,1480,142.594650268555,5.09561967849731,172.405349731445,1,2.25,8,8,0.494421128058143
"208",734,997,1410,2050,2754,2074,0.184971098265896,0.319616460247703,0.277416558300824,1.45390070921986,0.322766570605187,-425.2612,3596.4546,-2547.2457,0,1348,18.4349365234375,0.754894495010376,63.4349365234375,-0.25,0.25,1,32,0.484091727698403
"209",789,1118,1557,2297,2868,2099,0.192008303061754,0.323285277413718,0.28797509404592,1.47527296082209,0.296271186440678,-390.7824,3923.6007,-2577.5218,26.66,1325,116.565048217773,1.06752026081085,161.565048217773,0.5,0.5,1,4,0.44435656987911
"210",926,1248,1641,2370,2828,2123,0.181750186985789,0.345694233687405,0.272591300012464,1.44424131627057,0.265607518460506,-475.4298,4102.3542,-2483.5606,24,1295,79.4389953613281,14.0399875640869,124.438995361328,-0.125,5.875,17,16,0.398366707685423
"211",757,971,1221,1746,1914,1439,0.176946410515672,0.386541010160507,0.265374894692502,1.42997542997543,0.221052631578947,-362.063,3015.3957,-1601.2423,43.34,1590,123.982894897461,34.1514358520508,168.982894897461,5.25,16.5,54,8,0.331526072396747
"212",1075,1403,1702,2193,2955,2432,0.126059050064185,0.282606193162196,0.18906430496727,1.28848413631022,0.269057333047026,-815.6176,4195.8439,-2680.5878,32,1305,164.744888305664,2.71992325782776,150.255111694336,0.375,1.125,3,4,0.40354267310789
"213",678,1007,1399,2195,2996,1944,0.221480244852532,0.361489554950045,0.332174154958965,1.56897784131523,0.363367463026166,-275.7266,3711.7708,-2665.8947,8.66,1450,64.6538391113281,5.00628232955933,109.653839111328,0.5,2,7,16,0.544989193493346
"214",897,1203,1522,2050,2753,2361,0.147816349384099,0.296263045673886,0.221693491952414,1.34691195795007,0.287953216374269,-679.2588,3825.6235,-2603.8388,52.67,1831,63.4349365234375,3.19960141181946,108.434936523438,0.875,1.375,4,16,0.431879312361127
"215",887,1198,1566,2149,2623,2185,0.15693135935397,0.297844078880147,0.235365361324182,1.37228607918263,0.252327524468847,-575.7918,3848.4099,-2402.9607,36,2008,138.814071655273,5.06230688095093,93.8140716552734,0,2,7,2,0.378446115288221
"216",971,1387,1742,2219,2605,2145,0.120424135319364,0.221263568048984,0.180613404013631,1.27382319173364,0.198527720266851,-691.331,4060.3667,-2284.2636,8.67,1711,47.1610717773438,17.3554744720459,92.1610717773438,6.5,8.25,28,32,0.297757331799885
"217",555,766,876,2217,2371,1721,0.433559650824442,1.01238109617998,0.650234362372717,2.53082191780822,0.460425007699415,178.193,3204.9255,-2199.8143,4,1907,81.8699035644531,3.37228679656982,126.869903564453,0.625,1.625,5,32,0.690531177829099
"218",713,996,1235,2169,2588,2206,0.274383078730905,0.551683402244536,0.411514172418857,1.75627530364372,0.353910541459587,-285.9578,3586.2743,-2505.8532,60,1855,71.5650482177734,2.26363611221313,26.5650482177734,-0.75,1,3,128,0.530796390741467
"219",1842,2424,2931,3520,4097,3647,0.0913036738490157,0.201933625891388,0.136944896535689,1.20095530535653,0.165907797381901,-1416.6704,6733.6788,-3585.5947,42.66,1886,90,5.08888754974322e-14,135,0,0,0,64,0.248843992316995
"220",949,1322,1599,2399,3029,2592,0.200100050025012,0.410130216343689,0.300112542203326,1.50031269543465,0.308988764044944,-598.2212,4264.5429,-2869.7043,46.66,1951,90,0.954841256141663,135,-0.125,0.375,2,16,0.463433077670952
"221",997,1371,1624,2340,3042,2669,0.180625630676085,0.388497015735214,0.270904275444571,1.44088669950739,0.30390055722246,-704.693,4285.0201,-2899.5693,61.34,1782,0,0.954841256141663,45,0.375,0.375,1,64,0.455801992928319
"222",1701,2159,2538,3221,3941,3321,0.118596978642125,0.299956082564778,0.177880024307666,1.26910953506698,0.216545763235067,-1215.3234,6128.8089,-3440.7028,54.67,1807,135,1.35022449493408,180,-1,1,2,8,0.324793579751524
"223",766,1017,1226,1833,1981,1717,0.198430859758091,0.440493468795356,0.297597646674293,1.49510603588907,0.235422513252261,-397.7842,3159.113,-1783.7608,100,1937,90,0,45,0,0,0,128,0.353078721745908
"224",1051,1467,1756,2509,3106,2631,0.176553341148886,0.364578289919628,0.26479896846794,1.42881548974943,0.277663512957631,-690.7416,4520.2045,-2869.8769,56,1927,101.309936523438,1.21711814403534,146.309936523438,0.25,0.5,2,16,0.416452442159383
"225",931,1288,1749,2347,3159,2279,0.14599609375,0.255141223653895,0.218967411204687,1.34190966266438,0.287286063569682,-605.5426,4246.7283,-2801.7643,4,1473,171.869903564453,6.72136926651001,126.869903564453,0.625,2.625,9,4,0.430885199144341
"226",1160,1530,1892,2381,2915,2586,0.114439503861456,0.24284862932062,0.171639171639172,1.25845665961945,0.212814645308924,-884.1876,4497.128,-2653.6085,16,1277,90,0,45,0,0,0,32,0.319188767550702
"227",994,1298,1698,2104,3051,2431,0.10678590215676,0.20979743695742,0.160157790927022,1.23910482921084,0.2849020846494,-813.5544,4083.5208,-2803.2473,18.66,1337,153.434951782227,2.13429999351501,161.565048217773,-0.375,0.875,3,4,0.427308137698705
"228",1048,1430,1814,2311,3170,2540,0.120484848484848,0.232852323838081,0.180705369046176,1.27398015435502,0.27207062600321,-818.593,4389.263,-2885.9992,12,1518,163.610458374023,4.22268724441528,118.610458374023,0.625,1.625,5,4,0.408065001504664
"229",985,1338,1717,2280,3701,2938,0.140855641731298,0.270907516119719,0.21125703564728,1.32789749563192,0.366186784791436,-859.8466,4455.7303,-3552.7983,8,1423,63.4349479675293,4.26269292831421,18.4349479675293,0.75,1.75,6,128,0.549229491556704
"230",862,1179,1531,2062,2574,2225,0.14778736431951,0.27748745819398,0.221650201753165,1.34683213585892,0.254080389768575,-614.6906,3752.875,-2406.7117,36.67,1809,3.81407475471497,3.58425235748291,41.185925245285,0.125,1.375,4,64,0.381074168797954
"231",983,1332,1704,2097,2798,2311,0.103393843725335,0.198504899484796,0.15507036696041,1.2306338028169,0.243003109729009,-791.8528,4013.5869,-2541.0904,48,1598,50.1944274902344,3.72386717796326,95.1944274902344,-0.125,1.375,6,32,0.364464186563021
"232",809,1154,1478,2004,2974,2565,0.151062607696726,0.273644782020601,0.226561378320172,1.35588633288227,0.336028751123091,-703.4634,3808.6817,-2923.0466,42.66,1830,90,0.954841256141663,135,-0.375,0.375,1,64,0.503986524424481
"233",669,907,1039,2074,2652,1962,0.332476710568583,0.786115752696339,0.498634976714309,1.99615014436959,0.437008940666486,-153.9588,3368.2477,-2478.2025,25.33,2160,71.5650634765625,7.50614261627197,116.565063476562,-0.875,3.125,9,16,0.65542462413653
"234",833,1115,1374,2010,2827,2311,0.187943262411348,0.396756082345602,0.28187324567883,1.46288209606987,0.345870030945013,-575.746,3691.1727,-2685.3294,61.34,1942,135,5.38597726821899,90,0.5,2.25,8,1,0.518743305962156
"235",1122,1505,1910,2454,3300,2809,0.124656278643446,0.247272727272727,0.186962996906862,1.2848167539267,0.26679462571977,-887.9354,4655.147,-3076.3531,25.34,1872,90,1.90915238857269,45,0,0.75,2,1,0.40015353612897
"236",628,816,927,1973,2356,1580,0.360689655172414,0.925336164189667,0.540941217031546,2.12837108953614,0.43527261650929,-19.6981999999999,3074.7882,-2093.809,78.66,2068,43.806510925293,15.7964248657227,1.19348907470703,-2.5,6.25,23,1,0.652809502055733
"237",597,856,1057,1872,2611,2093,0.278251963127347,0.545150501672241,0.417306707629288,1.77105014191107,0.423664122137405,-294.1824,3200.2003,-2558.9171,56.67,2066,8.61566162109375,7.91730499267578,53.6156616210938,0.25,3.25,11,64,0.635409567943301
"238",640,883,1037,1803,2526,1963,0.269718309859155,0.593614383137012,0.404506248899842,1.73866923818708,0.417906258770699,-320.8368,3130.1846,-2413.3325,78,1904,161.565048217773,0.754894495010376,116.565048217773,0.25,0.25,1,4,0.626771432580328
"239",1098,1498,1841,2414,3249,2803,0.134665099882491,0.274110218140069,0.201973916108565,1.31124388919066,0.276620825147348,-871.0444,4576.4024,-3051.0269,8,1784,0,1.90915238857269,45,0,0.75,2,64,0.414890482270897
"240",1063,1462,1839,2413,3611,2890,0.134995296331138,0.262076522691992,0.202469135802469,1.3121261555193,0.325137614678899,-878.0088,4644.8007,-3391.2217,1.33,1790,110.22486114502,4.82254219055176,65.2248611450195,0,2,6,1,0.487661682414457
"241",931,1376,1803,2195,3441,3043,0.0980490245122561,0.162480311696924,0.14705514567963,1.21741541874653,0.312356979405034,-974.9718,4383.2799,-3414.6753,58.66,1924,90,0,45,0,0,0,128,0.468490799885594
"242",992,1308,1678,2062,2936,2659,0.102673796791444,0.204647196759753,0.153990108274295,1.22884386174017,0.272648461205028,-893.7558,4059.8152,-2841.3516,48,1816,26.5650634765625,2.13429999351501,71.5650634765625,0.375,0.875,3,32,0.408928377939105
"243",1160,1584,1899,2332,3338,2938,0.102339872370598,0.215337179232146,0.153491669620702,1.22801474460242,0.27477563490548,-1043.4604,4640.0532,-3156.9776,46.66,1774,101.309936523438,2.43313884735107,146.309936523438,0,1,3,16,0.412124105011933
"244",932,1325,1726,2062,3063,2787,0.08870116156283,0.154724627003131,0.133034182394087,1.1946697566628,0.279181457506786,-938.3228,4113.4018,-3014.8778,56,1928,135,1.01275038719177,90,0.625,0.625,1,1,0.418728468524898
"245",1214,1594,2002,2350,3283,2808,0.0799632352941176,0.165462152909852,0.119931074095348,1.17382617382617,0.242384105960265,-1063.929,4682.6836,-3017.9341,34,1401,132.273681640625,7.06204414367676,87.273681640625,-0.75,3,11,2,0.363541765206698
"246",1280,1641,2063,2476,3414,3294,0.0909892046706323,0.196479543292103,0.136468774094063,1.20019389238972,0.246667883878035,-1173.6644,4943.9528,-3338.4223,46.66,1915,45,1.01275038719177,90,-0.375,0.375,1,128,0.369968051118211
"247",1199,1631,2122,2694,3727,2969,0.118770764119601,0.222239490247883,0.178137651821862,1.26955702167766,0.274405881347239,-940.1552,5105.7109,-3405.7474,42,1793,116.565048217773,2.13429999351501,161.565048217773,0.375,0.875,3,8,0.411573638772545
"248",1345,1819,2272,2802,3770,3336,0.1044540796216,0.208743599842458,0.156665681347916,1.23327464788732,0.247931148626283,-1146.2736,5434.5709,-3536.7265,60,1838,90,1.01777750994864e-13,45,0,0,0,64,0.371865949524204
"249",1267,1639,2188,2749,3952,3562,0.113631760178246,0.219982746451259,0.170430379746835,1.25639853747715,0.287296416938111,-1118.8902,5343.2605,-3867.6191,0,1446,104.036239624023,3.93109583854675,149.036239624023,1.125,1.875,6,8,0.430909535054149
"250",899,1197,1599,2243,3064,2287,0.16762103071317,0.315965067216171,0.251398828887443,1.40275171982489,0.314175423547073,-566.5028,4047.7413,-2782.1979,0.67,1603,116.07536315918,12.2994165420532,161.07536315918,-0.875,5.125,17,16,0.471212608555806
"251",949,1266,1723,2134,2883,2623,0.106559502203785,0.191858836709924,0.159818535320804,1.23853743470691,0.251845419018671,-824.088,4077.6823,-2792.9149,0.67,1446,152.354019165039,5.64121961593628,162.645980834961,-4.625,5.875,16,2,0.377727124715077
"252",967,1379,1941,2723,3711,2812,0.167667238421955,0.274675096592905,0.251473898595777,1.40288511076765,0.313163481953291,-628.9224,4843.8255,-3438.684,0,1458,172.568588256836,5.52021265029907,127.568588256836,1.375,2.625,8,2,0.469703670942061
"253",1171,1577,2104,2742,3626,3227,0.131654973173752,0.242235553193105,0.197462086041473,1.3032319391635,0.265619546247818,-935.4266,5118.7891,-3485.1371,0,1499,125.53768157959,10.1604080200195,80.5376815795898,-0.875,4.125,14,2,0.398394555448914
"254",1029,1381,1865,2421,3173,2397,0.129724685020999,0.235813046059886,0.194564329872857,1.29812332439678,0.25962683604605,-703.947,4437.4337,-2814.7812,4,1473,171.869903564453,6.72136926651001,126.869903564453,0.625,2.625,9,4,0.389401607621316
"255",1145,1525,1927,2300,2965,2405,0.0882422521883132,0.17676049663539,0.132347723240686,1.19356512714063,0.212183156173344,-903.3772,4429.5823,-2601.3128,40.67,1484,175.10090637207,8.3271427154541,139.89909362793,1.375,3.625,10,4,0.318242207460399
"256",1049,1389,1728,2210,3236,2765,0.122397155916709,0.255757189854611,0.183572426050527,1.27893518518519,0.30378726833199,-896.3442,4320.4005,-3080.6853,0,1373,4.76364183425903,5.73025560379028,40.236358165741,0.875,2.625,7,64,0.455635008560782
"257",1091,1443,1852,2372,3076,2625,0.123106060606061,0.245167373880245,0.18463723517576,1.28077753779698,0.248376623376623,-832.4798,4459.1443,-2838.4891,38.66,1524,146.309936523438,1.72100615501404,101.309936523438,-0.5,0.75,3,2,0.372527138074465
"258",1066,1513,1983,2514,3426,2698,0.118078719146097,0.206840137114366,0.17709838799333,1.267776096823,0.266777592900721,-837.3632,4719.7662,-3114.9687,2,1356,111.250503540039,9.14297294616699,66.2505035400391,0.25,3.75,13,1,0.400129401978002
"259",766,989,1265,1804,2577,2441,0.175627240143369,0.369178082191781,0.263397947548461,1.42608695652174,0.341488807912546,-630.666,3394.8116,-2632.8262,26.66,1698,13.3924865722656,10.19797706604,58.3924865722656,4.5,5.25,17,32,0.512166558230319
"260",1032,1317,1647,2143,3323,2744,0.130870712401055,0.289314045730285,0.196280174119509,1.30115361262902,0.337223340040241,-871.4936,4223.9904,-3167.518,3.33,1367,146.309936523438,1.72100615501404,101.309936523438,-0.125,0.625,2,4,0.505784126345438
"261",752,961,1125,2213,2619,2052,0.325943678849611,0.818291215403129,0.488842294443612,1.96711111111111,0.399038461538462,-166.0772,3556.4748,-2451.0796,23.33,2095,78.690071105957,2.43313884735107,33.690071105957,-0.375,1.125,3,1,0.598477767392175
"262",1250,1659,2035,2551,3577,3111,0.112516354121239,0.239465379617598,0.168756132126894,1.25356265356265,0.274768353528154,-1060.8254,4989.7882,-3365.8716,42.67,1435,135,2.36199140548706,90,0.125,0.875,3,2,0.412115812917595
"263",1063,1471,1908,2719,3489,2612,0.175275556516101,0.32725365184408,0.262884927066451,1.42505241090147,0.292940522512507,-623.4088,4816.2147,-3119.9716,2,1661,61.8583984375,11.4853706359863,16.8583984375,2.25,5,18,128,0.439370078740158
"264",1081,1417,1800,2253,3077,2493,0.111769059955588,0.228949762458304,0.16763290983101,1.25166666666667,0.261841295878614,-844.4338,4321.2213,-2788.9446,44,1529,105.255111694336,10.7595834732056,150.255111694336,2,4.75,16,8,0.392721681189134
"265",1067,1409,1779,2181,3201,2642,0.101515151515152,0.207067065004636,0.152253503345537,1.22596964586847,0.285542168674699,-919.6924,4306.8315,-2975.8824,18.66,1337,153.434951782227,2.13429999351501,161.565048217773,-0.375,0.875,3,4,0.428270253990563
"266",1225,1643,2131,2617,3427,2979,0.102358887952822,0.195447599131344,0.153522164894177,1.22806194274988,0.233177401943145,-1006.211,5002.6273,-3177.0864,6.66,1590,90,0,45,0,0,0,128,0.349734640640461
"267",937,1224,1592,2180,2920,2338,0.155885471898197,0.312400382531081,0.233797216699801,1.36934673366834,0.294326241134752,-639.4036,4000.6001,-2688.8406,16.33,1817,100.491477966309,12.8888359069824,55.4914779663086,-2.125,5.375,16,1,0.441440443213296
"268",1283,1650,2220,2653,3622,3197,0.0888569669608044,0.170432181374478,0.133271775931056,1.19504504504504,0.239986306059569,-1105.6108,5165.2545,-3415.9778,0,1498,8.13010215759277,1.6876049041748,36.8698978424072,0.125,0.625,2,64,0.3599486521181
"269",1067,1447,1843,2167,3096,2666,0.0807980049875312,0.15506844070068,0.121181897519013,1.17580032555616,0.253695079975704,-975.8414,4316.9857,-2895.5653,34,1401,132.273681640625,7.06204414367676,87.273681640625,-0.75,3,11,2,0.380504099605223
"270",1350,1713,2030,2577,2972,2431,0.118732363794226,0.295165119792791,0.17807921866522,1.26945812807882,0.188324670131947,-899.5324,4816.1756,-2498.8691,30,2578,14.0362548828125,18.9623184204102,59.0362548828125,1,8.5,30,64,0.282458770614693
"271",1022,1381,1713,2260,2829,2398,0.137679335514724,0.28057037340993,0.206493016232541,1.31932282545242,0.245706737120211,-736.4458,4184.9688,-2579.3574,42,1857,56.3099365234375,5.15065240859985,101.309936523438,-0.25,2,7,32,0.368519537699505
"272",1146,1547,1892,2506,3538,3035,0.139608913142337,0.291603343465046,0.209389564624304,1.32452431289641,0.303130755064457,-931.6194,4800.0482,-3362.6531,18.66,1856,123.690071105957,1.72100615501404,78.690071105957,0.5,0.75,3,2,0.454654267562839
"273",769,989,1223,2071,2892,2377,0.257437765634487,0.582017844886754,0.386098042191531,1.69337694194603,0.405589307411908,-417.3328,3627.2699,-2824.2427,56.67,2066,8.61566162109375,7.91730499267578,53.6156616210938,0.25,3.25,11,64,0.608310047381849
"274",922,1224,1563,2174,2924,2410,0.163500133797163,0.329344545062527,0.245217391304348,1.39091490722969,0.303320704256742,-644.3876,3992.163,-2737.7038,0,1891,33.6900672912598,1.72100615501404,11.3099327087402,-0.25,0.75,3,32,0.454930362116992
"275",776,1101,1185,2715,3003,2297,0.392307692307692,0.95481777333999,0.588386104345597,2.29113924050633,0.434097421203438,24.9106000000002,4120.6308,-2801.2756,2,2303,111.929580688477,19.0783748626709,156.929580688477,-3.5,8.5,27,16,0.651068401575743
"276",774,980,1196,1932,2826,2211,0.235294117647059,0.556900726392252,0.352884769058654,1.61538461538462,0.405271009448036,-455.0862,3476.5262,-2696.683,78,1904,161.565048217773,0.754894495010376,116.565048217773,0.25,0.25,1,4,0.607830950901181
"277",1018,1357,1734,2380,3414,2941,0.15702479338843,0.313592233009709,0.235508567262122,1.37254901960784,0.326340326340326,-809.5442,4486.1958,-3314.5945,0,1896,6.11066752753686e-12,1.90915238857269,44.9999999999939,0,0.75,2,64,0.489462950373895
"278",1074,1521,1882,2791,3673,2973,0.194521720522149,0.376928180461105,0.291751364074034,1.48299681190223,0.322412241224122,-682.2022,4979.6746,-3438.9428,44,2112,147.264770507812,15.5034084320068,102.264770507812,-1.125,6.375,23,4,0.483574835748357
"279",923,1249,1587,2103,3312,2740,0.139837398373984,0.274263846072074,0.209727679176263,1.32514177693762,0.352112676056338,-810.1546,4103.7249,-3208.3331,53.34,1877,127.405349731445,5.09561967849731,172.405349731445,2.125,2.875,7,4,0.528115113787121
"280",1157,1517,1930,2518,3056,2611,0.132194244604317,0.271142672692059,0.198269079464988,1.30466321243523,0.225832330525471,-810.443,4637.3881,-2765.7125,28.66,1909,146.689361572266,9.89862823486328,101.689361572266,-2,4,16,4,0.338714529228918
"281",1221,1715,2229,2837,3909,3508,0.12001579155152,0.215465305833156,0.180005921247409,1.27276805742485,0.273704789833822,-1072.5784,5415.9261,-3791.9578,0,1982,135,0.675206005573273,90,0,0.25,2,2,0.410523743585567
"282",1440,1877,2303,2804,3910,3377,0.0981006461719209,0.215095311695003,0.147136563876652,1.21754233608337,0.258651215193948,-1225.4982,5543.4812,-3625.2567,63.33,1892,60.9454040527344,2.4563946723938,105.945404052734,0.25,1,4,32,0.387945602317534
"283",1039,1443,1831,2352,3522,3120,0.12455175711212,0.234832777427206,0.186805306561492,1.28454396504642,0.315897627498599,-960.4336,4599.4543,-3462.3603,37.34,2050,108.434951782227,0.754894495010376,63.4349517822266,0.25,0.25,1,1,0.473802185486131
"284",1359,1741,2085,2600,3718,3215,0.109925293489861,0.261766798820779,0.164870344680397,1.24700239808153,0.281406169222816,-1145.7466,5163.6579,-3475.4517,46.66,1774,101.309936523438,2.43313884735107,146.309936523438,0,1,3,16,0.422072887050918
"285",982,1296,1635,2140,3192,2712,0.133774834437086,0.275294374182294,0.200635677393723,1.30886850152905,0.322560596643878,-832.3676,4156.0158,-3069.2706,69.34,1884,45,2.02486824989319,90,-0.375,0.875,3,64,0.48379078197825
"286",926,1223,1506,1919,2381,2092,0.120583941605839,0.257417102966841,0.180849511020289,1.2742363877822,0.225109338821713,-700.26,3618.4218,-2173.2806,59.33,1905,78.6900634765625,2.43313884735107,123.690063476562,0.75,1,3,16,0.337620578778135
"287",1266,1612,2005,2456,3178,2772,0.101098408428603,0.225861378205128,0.151630617505323,1.22493765586035,0.226316804939224,-1003.2152,4753.6126,-2893.6924,48.66,1913,7.30575942993164,9.30411529541016,37.6942405700684,0.25,3.75,11,64,0.339442461657181
"288",971,1333,1635,2057,3192,2810,0.11430119176598,0.230073056373351,0.171428571428571,1.25810397553517,0.322560596643878,-925.3938,4124.6181,-3122.4847,49.34,1915,135,1.35022449493408,180,0.25,0.5,2,16,0.48379078197825
"289",1146,1552,1888,2365,3362,3021,0.112156125088173,0.233869386154148,0.168214411660985,1.25264830508475,0.280761904761905,-1021.8484,4659.784,-3229.389,58.66,1906,63.4349365234375,1.06752026081085,108.434936523438,-0.5,0.5,1,8,0.421102752118846
"290",1070,1418,1805,2365,3251,2682,0.134292565947242,0.270740669116225,0.201414698477401,1.31024930747922,0.285996835443038,-819.2864,4467.6134,-3018.3867,36.67,1886,74.744873046875,2.71992325782776,119.744873046875,0.125,1.125,3,16,0.428952832987244
"291",1172,1633,2051,2602,3508,3143,0.118418224801204,0.225118483412322,0.177608251853444,1.2686494392979,0.262097499550279,-1004.037,4982.792,-3351.6953,60,1838,90,1.01777750994864e-13,45,0,0,0,64,0.3931108912672
"292",1051,1456,1832,2399,3141,2763,0.134010872134247,0.257282875034032,0.200992555831265,1.30949781659389,0.263221395535894,-833.6578,4497.9479,-2970.2335,0,1427,162.552810668945,8.6913013458252,117.552810668945,1.75,3.75,12,4,0.394792399718508
"293",820,1173,1541,2525,3470,2703,0.242006886374816,0.437566702241195,0.362965695315382,1.63854639844257,0.384953103173019,-427.9468,4343.0798,-3328.8315,4,1820,102.011474609375,21.8228321075439,57.011474609375,-3.375,9.375,34,1,0.577372044298114
"294",904,1248,1659,2317,3405,2878,0.165492957746479,0.29952658412236,0.248208223311958,1.39662447257384,0.34478672985782,-725.722,4317.0276,-3338.1351,1.34,1568,132.273681640625,7.06204414367676,87.273681640625,-1.125,2.875,10,1,0.517129035442788
"295",829,1141,1563,1974,3001,2596,0.116200169635284,0.200077889202609,0.174275618374558,1.26295585412668,0.315074496056091,-773.9746,3834.0459,-2951.976,2,1654,96.3401794433594,14.7948589324951,141.340179443359,0.875,6.125,19,16,0.472559973710154
"296",842,1136,1438,2116,2955,2271,0.190770962296005,0.382618510158014,0.286116190744127,1.47148817802503,0.345322103346233,-534.0944,3824.4208,-2741.6891,0,1682,104.886268615723,18.8087368011475,59.8862686157227,0.25,8,25,1,0.517924206213725
"297",854,1167,1561,2040,3104,2767,0.133018605942794,0.239404238304678,0.199500208246564,1.30685458039718,0.330760986066452,-792.1278,3949.3078,-3106.4135,0,1500,145.491470336914,9.19103336334229,169.508529663086,-3.125,5.375,14,4,0.496088307791234
"298",1056,1342,1704,2456,3732,3522,0.180769230769231,0.394875026254988,0.271121259464007,1.44131455399061,0.373068432671082,-910.8244,4700.4216,-3861.2646,0,1737,14.0362434387207,1.96786379814148,30.9637565612793,-0.125,0.875,2,64,0.559551181826543
"299",800,1061,1332,2005,2416,2172,0.201678154030566,0.420835417708854,0.30247191011236,1.50525525525526,0.289220917822839,-483.4178,3521.9538,-2321.3287,0,1713,25.7099533081055,7.11717653274536,19.2900466918945,1.25,3,10,128,0.433773509403761
"300",1082,1441,1780,2613,3355,2713,0.189619849760983,0.402104653407994,0.284397405257767,1.46797752808989,0.306718597857838,-657.9734,4672.741,-3092.4018,33.34,1819,39.4724731445312,10.3993511199951,84.4724731445312,2.125,4.875,16,32,0.460033102911109
"301",1332,1754,2116,2767,3193,2996,0.133319680524268,0.297314578005115,0.199959045766356,1.30765595463138,0.202863062723677,-968.8144,5132.674,-2947.4131,42,1692,135,0.337614715099335,180,0.125,0.125,1,8,0.30426593841228
"302",817,1059,1280,1863,2548,2173,0.185491568565065,0.42660617591102,0.27819309686655,1.45546875,0.331243469174504,-567.0772,3438.3299,-2432.6647,42,1615,146.309936523438,1.72100615501404,101.309936523438,0.5,0.75,3,2,0.496800313438684
"303",903,1056,1316,1694,2033,1779,0.125581395348837,0.335284725918041,0.188340807174888,1.28723404255319,0.214093759331144,-612.8144,3183.4805,-1813.2955,40.67,1286,90,2.3859441280365,135,0.125,0.875,3,16,0.321092700403045
"304",1117,1419,1795,2141,2481,2216,0.0879065040650406,0.190759730951593,0.131843007748,1.19275766016713,0.160430308699719,-845.648,4074.4093,-2182.937,38,1221,71.5650482177734,4.52022743225098,26.5650482177734,-0.75,2,6,128,0.240617327253595
"305",1061,1348,1729,2217,2895,2375,0.123669538773441,0.263243068292157,0.185480805777271,1.28224407171776,0.252162629757785,-770.5838,4173.4585,-2615.4795,0,1422,45,0.337614715099335,0,-0.125,0.125,1,64,0.378203048978268
"306",1084,1321,1729,2250,2766,2353,0.130937421462679,0.289766407119021,0.196381454956653,1.30133024869867,0.230700778642937,-736.8106,4160.9116,-2502.7879,0.67,1431,180,0.954841256141663,135,-0.375,0.375,1,8,0.346012679346013
"307",906,1141,1466,1906,2293,2001,0.130486358244365,0.281473899692938,0.195700518902891,1.30013642564802,0.22000532056398,-629.2804,3519.4172,-2084.4796,2.66,1597,117.645973205566,5.64121961593628,72.6459732055664,-0.375,2.375,8,2,0.329964090969544
"308",846,1109,1421,2095,2679,2220,0.191695108077361,0.393967734393266,0.287501777335419,1.47431386347643,0.306829268292683,-512.6544,3722.6222,-2511.332,2,1651,26.5650520324707,2.13429999351501,18.4349479675293,-0.375,0.875,3,64,0.460187781977808
"309",1281,1590,1973,2427,2768,2400,0.103181818181818,0.243640656863797,0.154755141461198,1.23010643689812,0.1676861421641,-898.2986,4564.4243,-2386.1066,0,1477,18.4349365234375,0.754894495010376,63.4349365234375,0,0.25,2,32,0.251502689022461
"310",1062,1295,1730,2182,2724,2267,0.115541922290389,0.245759025663332,0.173290734824281,1.26127167630058,0.223170184104176,-744.4294,4072.445,-2440.1213,0,1424,90,0,45,0,0,0,64,0.334717701201033
"311",860,1063,1298,2154,2860,2383,0.247972190034762,0.612653879186945,0.371904417089066,1.65947611710324,0.375661375661376,-451.1446,3769.808,-2750.9329,6.67,1719,153.434951782227,1.06752026081085,161.565048217773,-0.5,0.5,1,4,0.563424311650836
"312",898,1228,1547,2464,2751,2367,0.228621291448517,0.457402234636871,0.342889193568491,1.59276018099548,0.280130293159609,-412.9804,4134.5624,-2570.4573,12.67,1791,63.4349365234375,1.06752026081085,108.434936523438,-0.5,0.5,1,64,0.420146562754449
"313",1038,1420,1781,2365,3295,2788,0.140858658948384,0.277197645718625,0.211262510551067,1.32790567097136,0.298266351457841,-827.3028,4474.619,-3119.2645,2.67,781,71.5650482177734,3.76924395561218,26.5650482177734,-0.5,1.5,6,1,0.447355461439968
"314",682,932,1196,1815,2410,1997,0.205579541680505,0.399148826412174,0.308318113896729,1.51755852842809,0.336661120354964,-422.4632,3213.9452,-2306.1246,4,1738,180,1.90915238857269,135,0,0.75,2,4,0.504921669208374
"315",812,1127,1406,2159,2840,2392,0.211220196353436,0.417776298268975,0.316785864535128,1.53556187766714,0.337729627885068,-505.3798,3820.6466,-2729.0977,12,1823,71.5650634765625,0.754894495010376,116.565063476562,0.25,0.25,1,16,0.506534793359237
"316",719,1014,1240,2192,2644,2109,0.277389277389277,0.56125456903667,0.416023306627822,1.76774193548387,0.361483007209063,-256.4438,3610.8547,-2488.9108,33.34,1630,90,0.954841256141663,45,0.375,0.375,1,1,0.542154717466856
"317",681,913,1082,1851,2303,1826,0.26218888510058,0.594005870539163,0.39321629452872,1.71072088724584,0.360709010339734,-290.8168,3134.8625,-2144.8848,43.33,1774,35.5376777648926,2.05277514457703,9.46232223510742,0.25,0.75,3,128,0.540983606557377
"318",633,891,998,1945,2334,1817,0.321780496092423,0.742978189235839,0.482588754883642,1.94889779559118,0.400960384153661,-161.6012,3147.3683,-2182.6125,79.34,1928,31.6754760742188,12.9588422775269,76.6754760742188,-0.25,5.25,21,32,0.601350337584396
"319",1044,1485,1810,2610,3442,2970,0.180995475113122,0.354547066123028,0.271462504241602,1.44198895027624,0.310738766184311,-746.314,4747.2136,-3295.2229,0,1609,71.5650634765625,0.754894495010376,116.565063476562,-0.25,0.25,1,32,0.466063779152784
"320",459,734,679,2457,1890,1147,0.566964285714286,1.43874413335491,0.850310856049737,3.61855670103093,0.471389645776567,641.1756,3046.7377,-1558.1472,93.33,1917,107.241455078125,7.21066856384277,152.241455078125,2.75,3.75,14,8,0.706946876824285
"321",959,1330,1688,2296,2879,2502,0.152610441767068,0.290492116579073,0.228886936880412,1.36018957345972,0.260783884388001,-689.3986,4185.6233,-2700.9539,22.66,1821,45,4.38048696517944,0,0.625,1.875,7,128,0.391133004926108
"322",860,1158,1478,2391,3231,2731,0.235978288963556,0.474532224532225,0.353921695309471,1.61772665764547,0.372265873858569,-502.2286,4183.2596,-3168.9165,0,1848,60.2551193237305,3.84366822242737,15.2551193237305,0,1.75,6,128,0.558339526489012
"323",750,1090,1387,2472,2818,2200,0.281160922518787,0.524661508704062,0.421686746987952,1.78226387887527,0.340309155766944,-193.8136,3958.8178,-2614.2938,15.33,2082,135,3.70861673355103,90,-0.125,1.375,5,1,0.510403043633337
"324",978,1264,1469,1890,1945,1765,0.125334921107472,0.312314540059347,0.187974400952523,1.28658951667801,0.139425893380199,-638.9712,3466.7192,-1647.3639,26.67,1680,45,0.675206005573273,0,0,0.25,2,128,0.209108214965588
"325",1303,1753,2090,2745,3441,3051,0.135470527404343,0.296998276956561,0.203184779236894,1.3133971291866,0.244259627553788,-982.7086,5161.9451,-3177.9266,49.34,1713,18.4349365234375,0.754894495010376,63.4349365234375,0.25,0.25,1,64,0.366356322878062
"326",988,1366,1637,2107,2471,2372,0.125534188034188,0.259955752212389,0.188276138336226,1.2871105681124,0.203018500486855,-776.2128,3944.6648,-2321.4447,51.33,1769,96.3401947021484,2.16078901290894,51.3401947021484,0.125,0.875,3,2,0.304490690032859
"327",1002,1362,1663,2234,2799,2599,0.146522966384398,0.303852703277991,0.21975625400898,1.34335538184005,0.254594352308382,-770.4928,4157.89,-2680.4247,45.34,1774,45,0.337614715099335,90,-0.125,0.125,1,128,0.381848739495798
"328",1271,1837,2354,2739,3259,3043,0.0755939524838013,0.131282820705176,0.113379797781486,1.16355140186916,0.161232852307144,-1119.727,5239.9187,-3001.1344,26,1759,63.4349365234375,1.06752026081085,108.434936523438,0.5,0.5,1,64,0.241827736706155
"329",1303,1829,2341,2918,3500,3243,0.109716676174178,0.200556134862704,0.164559368761289,1.24647586501495,0.198424927238487,-1055.4106,5454.7651,-3275.5243,42,1796,120.963752746582,1.39176344871521,75.963752746582,-0.375,0.625,2,2,0.297611914747924
"330",1092,1505,1735,1916,2257,1974,0.0495754587784169,0.109378776891467,0.0743530056141312,1.10432276657061,0.130761523046092,-928.0986,3829.6774,-1890.1262,10.67,1694,148.240524291992,5.875572681427,103.240524291992,1.625,2.625,9,2,0.196117720726362
"331",986,1236,1511,1909,2239,2001,0.116374269005848,0.277855347668249,0.174535886566291,1.26340172071476,0.194133333333333,-706.8058,3592.9526,-1997.5717,54,1916,45,0.337614715099335,90,-0.125,0.125,1,64,0.291161178509532
"332",1705,2327,2897,3354,4758,3929,0.0731083026715725,0.143719730800679,0.109653683116052,1.15774939592682,0.243109079033312,-1526.7882,6713.5673,-4312.5951,6,1407,133.210083007812,10.6835079193115,88.2100830078125,-3,5,15,4,0.364639801449938
"333",974,1276,1585,2251,2651,2424,0.173618352450469,0.373569665694413,0.260393587905643,1.42018927444795,0.251652502360718,-633.6656,4033.3882,-2505.0985,32,1700,71.5650482177734,0.754894495010376,26.5650482177734,-0.25,0.25,1,128,0.377434202761714
"334",678,910,1141,1981,2547,2253,0.269058295964126,0.56104728827144,0.403522818254604,1.7361963190184,0.381236442516269,-343.2786,3370.1218,-2548.5387,0,1692,99.1623458862305,7.45400953292847,54.1623458862305,2,3.5,11,2,0.571777145180968
"335",1002,1321,1613,2081,2610,2425,0.126691932864104,0.275618374558304,0.190012180267966,1.29014259144451,0.23608808903623,-789.4264,3944.5292,-2465.9303,59.33,1425,56.3099365234375,1.72100615501404,101.309936523438,0.5,0.75,3,32,0.354090209541849
"336",711,959,1237,1660,2192,1956,0.146013117017604,0.281962405012665,0.218981880931838,1.34195634599838,0.278506853310003,-552.3236,3086.6515,-2110.6969,38,1460,37.8749847412109,2.71992325782776,7.12501525878906,-0.125,1.125,4,128,0.417699373086456
"337",800,1029,1354,1766,2144,1844,0.132051282051282,0.264713441274737,0.198045185066496,1.30428360413589,0.225843339050886,-555.7412,3236.8168,-1957.5859,24,1459,135,2.36199140548706,180,0.625,1.125,3,4,0.338716592825497
"338",629,872,1221,1830,2214,1720,0.19960668633235,0.342944025228066,0.299360970014747,1.4987714987715,0.289082969432314,-306.8228,3102.4341,-2030.8134,0,1393,90,0.477453768253326,135,-0.125,0.125,1,64,0.433561344782419
"339",701,937,1297,1761,2445,2086,0.151733158927404,0.270617053540184,0.227562530652281,1.35774865073246,0.306787814003207,-538.4748,3246.7165,-2368.9092,0.67,1379,174.17366027832,11.5975980758667,129.17366027832,2.5,5.25,16,4,0.460120240480962
"340",629,853,1173,1728,2045,1635,0.191313340227508,0.342634893196691,0.286920558331897,1.47314578005115,0.270975761342449,-322.8288,2952.8955,-1871.2892,0,1396,90,0,45,0,0,0,128,0.40640049712599
"341",1072,1427,1861,2357,3603,3320,0.117591275486012,0.226112326768782,0.176366006874481,1.26652337452982,0.318814055636896,-1030.5436,4670.482,-3623.569,0,1365,144.462326049805,2.05277514457703,99.4623260498047,-0.5,1,3,4,0.478177326379358
"342",1200,1653,2190,2793,3678,3440,0.121011438892234,0.217406980098067,0.181498946523528,1.27534246575342,0.253578732106339,-1032.991,5274.2862,-3604.3761,0,1341,98.9726257324219,4.58231496810913,53.9726257324219,0.375,1.875,5,1,0.380335690551248
"343",782,1129,1421,2494,3154,2537,0.274074074074074,0.520267649340574,0.411058613203933,1.75510204081633,0.37879781420765,-315.2634,4144.8974,-3030.8591,0,1583,83.2901611328125,8.11811637878418,128.290161132812,-2.375,3.875,14,8,0.568134630095072
"344",1123,1566,1952,2962,3465,3029,0.205535205535206,0.403838464614154,0.308271441652254,1.51741803278689,0.279305888868377,-637.0036,5122.8329,-3270.2309,0,1356,165.963760375977,1.96786379814148,120.963760375977,0.375,0.875,3,8,0.418920166128288
"345",1191,1572,2132,2629,3580,3144,0.104389834068473,0.191463132752909,0.156568308306206,1.23311444652908,0.253501400560224,-1008.873,5032.3781,-3405.9618,0,1365,45,2.02486824989319,0,0.375,0.875,3,128,0.380218818380744
"346",770,1070,1434,2152,2875,2189,0.200223089793642,0.36029706945002,0.300292764533668,1.50069735006973,0.334416337897424,-436.2252,3764.7072,-2667.5221,0,1810,141.340194702148,9.09464073181152,96.3401947021484,0.625,3.375,12,4,0.501566306996171
"347",987,1339,1679,2141,2925,2524,0.120942408376963,0.239950140230601,0.181389870435807,1.27516378796903,0.270634231103388,-812.7232,4101.7091,-2749.6226,6.67,1661,178.726974487305,10.6222171783447,136.273025512695,1,4.25,14,8,0.405907264632425
"348",739,1018,1354,2186,2683,2146,0.235028248587571,0.43619586872182,0.352492585792967,1.61447562776957,0.329204855090414,-331.3422,3674.7121,-2522.3283,3.34,1697,78.6900634765625,3.64697051048279,123.690063476562,-0.25,1.5,5,32,0.49374613003096
"349",857,1233,1613,2359,3453,2820,0.187814702920443,0.332412440958916,0.281686595342983,1.46249225046497,0.363205684958547,-640.382,4307.3477,-3360.562,1.34,1568,132.273681640625,7.06204414367676,87.273681640625,-1.125,2.875,10,1,0.544754761669792
"350",534,885,959,3281,2304,1453,0.547641509433962,1.15384615384615,0.821365405022993,3.42127215849844,0.412197364388599,918.5148,3960.2108,-1906.8541,12,2016,61.4600143432617,15.128378868103,16.4600143432617,-0.875,6.375,22,128,0.6182013176038
"351",1104,1514,1955,2629,3598,2928,0.147033158813264,0.277138157894737,0.220525684371251,1.34475703324808,0.295876103007383,-822.2114,4878.9002,-3354.9674,0,1419,119.054611206055,2.4563946723938,164.054611206055,-0.125,1.125,3,16,0.443774196452687
"352",859,1191,1641,2118,3196,2884,0.126895450917797,0.215934812132187,0.190317861417742,1.29067641681901,0.321480256357246,-817.416,4085.8923,-3220.6637,0,1500,145.491470336914,9.19103336334229,169.508529663086,-3.125,5.375,14,4,0.482170542635659
"353",849,1169,1543,1982,2685,2212,0.124539007092199,0.225197496665641,0.186782016735215,1.28451069345431,0.270104068117313,-667.2618,3716.5303,-2494.0808,5.34,1377,180,0.954841256141663,135,-0.875,0.875,2,4,0.405108194395176
"354",792,1080,1454,2154,3259,2622,0.194013303769401,0.354322737396234,0.2909796314258,1.48143053645117,0.382983237852748,-578.0166,3942.6038,-3183.8747,0.67,1483,125.537673950195,4.10029363632202,170.537673950195,-2.375,3.375,10,8,0.574413917471094
"355",1004,1342,1700,2250,3233,2901,0.139240506329114,0.279414753098964,0.208834324769017,1.32352941176471,0.310764240827083,-859.714,4323.6602,-3173.5219,0,1603,116.07536315918,12.2994165420532,161.07536315918,-0.875,5.125,17,16,0.466099118273031
"356",930,1311,1720,2357,3240,2711,0.156242335050282,0.279238997019113,0.234334763948498,1.3703488372093,0.306451612903226,-708.7572,4338.616,-3093.6885,0,1448,158.198593139648,2.56950283050537,156.801406860352,-0.375,1.125,4,8,0.459631085576051
"357",1011,1345,1716,2283,3167,2726,0.14178544636159,0.283641820910455,0.212651581447681,1.33041958041958,0.297153389309851,-799.7976,4313.5611,-3022.7536,27.34,1460,90,2.3859441280365,135,0.5,1.25,3,32,0.445684447629774
"358",1114,1465,1858,2590,3444,3007,0.164568345323741,0.339895988112927,0.246824772395189,1.39397201291712,0.299132402866843,-808.2142,4775.3662,-3299.4515,36,1380,135,1.35022449493408,90,-0.5,0.75,2,2,0.448656294200849
"359",862,1219,1460,2250,2786,2316,0.212938005390836,0.434447866256049,0.319363967120334,1.54109589041096,0.312293923692887,-494.6216,3934.9922,-2603.1551,17.33,1364,45,0.337614715099335,0,0.125,0.125,1,128,0.468385729424232
"360",1034,1446,1811,2420,2957,2663,0.143937603403451,0.275216919739696,0.215880893300248,1.33627829928216,0.240352348993289,-769.48,4436.33,-2783.1521,28.67,1390,26.5650520324707,1.06752026081085,18.4349479675293,0.5,0.5,1,64,0.360490720352312
"361",1172,1638,2081,2692,3254,2901,0.128011732662895,0.239082798560025,0.191997486121295,1.29360884190293,0.219868791002812,-886.9902,4962.4964,-3017.7766,0,1350,101.309928894043,1.21711814403534,56.309928894043,-0.25,0.5,2,2,0.329772280011245
"362",872,1128,1614,2337,3534,2838,0.182991647684131,0.329715432323969,0.274452739466026,1.44795539033457,0.372960372960373,-630.661,4277.4378,-3451.9474,0,1466,2.30215846386272e-12,3.81407475471497,44.9999999999977,0,1.5,4,64,0.559386228998737
"363",1176,1487,1723,1999,2139,1873,0.0741536808167652,0.196134167140421,0.111215580926797,1.1601857225769,0.107716209218022,-857.1054,3862.4788,-1723.147,14.66,1290,18.4349365234375,2.26363611221313,63.4349365234375,-0.5,1,3,64,0.161553398058252
"364",1393,1722,1887,2139,2312,2049,0.0625931445603577,0.20898988223586,0.0938780578666336,1.1335453100159,0.101214574898785,-1040.6232,4262.2815,-1818.2894,14.66,1511,120.963760375977,2.78188633918762,165.963760375977,0.5,1,4,8,0.15180378616502
"365",1035,1408,1730,2695,3471,2812,0.218079096045198,0.454032182177472,0.327081685685233,1.55780346820809,0.334743318592578,-579.5044,4722.8159,-3252.8977,0,1751,156.801406860352,3.63139343261719,111.801406860352,-0.375,1.375,5,4,0.502066711525522
"366",1271,1698,2042,2830,3630,3107,0.161740558292282,0.35492297991172,0.242585941508466,1.38589618021548,0.279971791255289,-890.7378,5221.3187,-3371.335,6.66,1721,68.9624938964844,6.620689868927,113.962493896484,0.75,2.75,8,16,0.419920669898634
"367",1230,1571,1901,2733,3409,2947,0.179542511868796,0.423194303153611,0.269284712482468,1.43766438716465,0.283992467043314,-787.921,4957.601,-3173.9032,25.34,1783,45,1.35022449493408,90,-0.25,0.5,2,32,0.425948592411261
"368",1270,1677,2143,2887,3850,3217,0.147912524850895,0.298987301076997,0.221846734917006,1.34717685487634,0.284832304355081,-923.5244,5359.606,-3590.1079,7.33,1600,78.690071105957,3.64697051048279,33.690071105957,0.5,1.25,5,1,0.427212813881705
"369",2928,3693,4300,4731,5195,4588,0.0477245044845532,0.125699953336444,0.0715827935558877,1.10023255813953,0.0942601369141653,-2283.7508,9403.6768,-4167.1822,17.33,1706,90,5.08888754974322e-14,135,0,0,0,8,0.141382760254858
"370",1684,2239,2753,3474,4375,3823,0.115786092821583,0.244805106614152,0.173665194700923,1.26189611333091,0.227553310886644,-1302.2336,6594.0386,-3993.1094,36,1825,116.565048217773,1.06752026081085,161.565048217773,0.125,0.375,2,16,0.341306025110472
"371",1301,1783,2256,3119,4269,3846,0.160558139534884,0.312749148365587,0.240814807924844,1.38253546099291,0.308505747126437,-1036.8956,5814.6465,-4192.15,13.34,1666,52.1250152587891,2.71992325782776,7.12501525878906,0.875,1.125,4,128,0.462723162976017
"372",1093,1426,1724,2300,3036,2789,0.143141153081511,0.323777403035413,0.214685054043981,1.33410672853828,0.27563025210084,-861.1262,4370.0081,-2916.0268,89.34,1776,90,5.08888754974322e-14,45,0,0,0,64,0.413401953576305
"373",1258,1662,2100,2586,2955,2735,0.10371318822023,0.211230876216968,0.155553184679398,1.23142857142857,0.169139465875371,-955.8564,4841.3868,-2677.7009,68,1724,63.4349479675293,2.13429999351501,18.4349479675293,-0.375,0.875,3,1,0.253684106418752
"374",1419,2009,2465,3095,4480,3736,0.113309352517986,0.217436322219921,0.169948745616401,1.25557809330629,0.290136789056875,-1244.5642,6041.9873,-4196.7015,6,1407,133.210083007812,10.6835079193115,88.2100830078125,-3,5,15,4,0.435173853574257
